artifact,category,message,occurrences,first_line,source
bodyfile/bodyfile.txt,bodyfile,statx: No such file or directory,50,1,bodyfile/bodyfile.txt.stderr
chkrootkit/chkrootkit_-n_-r.txt,chkrootkit,./uac: 1: eval: chkrootkit: not found,1,1,chkrootkit/chkrootkit_-n_-r.txt.stderr
chkrootkit/chkrootkit_-n_-r_-x.txt,chkrootkit,./uac: 1: eval: chkrootkit: not found,1,1,chkrootkit/chkrootkit_-n_-r_-x.txt.stderr
live_response/containers/containerd_config_dump.txt,live_response/containers,./uac: 1: eval: containerd: not found,1,1,live_response/containers/containerd_config_dump.txt.stderr
live_response/containers/docker_container_ls_--all_--size.txt,live_response/containers,./uac: 1: eval: docker: not found,1,1,live_response/containers/docker_container_ls_--all_--size.txt.stderr
live_response/containers/docker_image_ls_--all.txt,live_response/containers,./uac: 1: eval: docker: not found,1,1,live_response/containers/docker_image_ls_--all.txt.stderr
live_response/containers/docker_info.txt,live_response/containers,./uac: 1: eval: docker: not found,1,1,live_response/containers/docker_info.txt.stderr
live_response/containers/docker_version.txt,live_response/containers,./uac: 1: eval: docker: not found,1,1,live_response/containers/docker_version.txt.stderr
live_response/containers/podman_container_ls_--all_--size.txt,live_response/containers,./uac: 1: eval: podman: not found,1,1,live_response/containers/podman_container_ls_--all_--size.txt.stderr
live_response/containers/podman_image_ls_--all.txt,live_response/containers,./uac: 1: eval: podman: not found,1,1,live_response/containers/podman_image_ls_--all.txt.stderr
live_response/containers/podman_info.txt,live_response/containers,./uac: 1: eval: podman: not found,1,1,live_response/containers/podman_info.txt.stderr
live_response/containers/podman_version.txt,live_response/containers,./uac: 1: eval: podman: not found,1,1,live_response/containers/podman_version.txt.stderr
live_response/hardware/hwinfo.txt,live_response/hardware,./uac: 1: eval: hwinfo: not found,1,1,live_response/hardware/hwinfo.txt.stderr
live_response/network/firewall-cmd_--get-active-zones.txt,live_response/network,./uac: 1: eval: firewall-cmd: not found,1,1,live_response/network/firewall-cmd_--get-active-zones.txt.stderr
live_response/network/firewall-cmd_--get-default-zone.txt,live_response/network,./uac: 1: eval: firewall-cmd: not found,1,1,live_response/network/firewall-cmd_--get-default-zone.txt.stderr
live_response/network/firewall-cmd_--get-services.txt,live_response/network,./uac: 1: eval: firewall-cmd: not found,1,1,live_response/network/firewall-cmd_--get-services.txt.stderr
live_response/network/firewall-cmd_--list-all-zones.txt,live_response/network,./uac: 1: eval: firewall-cmd: not found,1,1,live_response/network/firewall-cmd_--list-all-zones.txt.stderr
live_response/network/firewall-cmd_--list-all.txt,live_response/network,./uac: 1: eval: firewall-cmd: not found,1,1,live_response/network/firewall-cmd_--list-all.txt.stderr
live_response/network/iptables_-Lvn.txt,live_response/network,iptables: No chain/target/match by that name.,1,1,live_response/network/iptables_-Lvn.txt.stderr
live_response/network/iptables_-t_nat_-Lvn.txt,live_response/network,iptables: No chain/target/match by that name.,1,1,live_response/network/iptables_-t_nat_-Lvn.txt.stderr
live_response/network/nfsstat.txt,live_response/network,./uac: 1: eval: nfsstat: not found,1,1,live_response/network/nfsstat.txt.stderr
live_response/network/showmount_-a.txt,live_response/network,./uac: 1: eval: showmount: not found,1,1,live_response/network/showmount_-a.txt.stderr
live_response/packages/dnf_history_list.txt,live_response/packages,./uac: 1: eval: dnf: not found,1,1,live_response/packages/dnf_history_list.txt.stderr
live_response/packages/dnf_history_userinstalled.txt,live_response/packages,./uac: 1: eval: dnf: not found,1,1,live_response/packages/dnf_history_userinstalled.txt.stderr
live_response/packages/dnf_list_installed.txt,live_response/packages,./uac: 1: eval: dnf: not found,1,1,live_response/packages/dnf_list_installed.txt.stderr
live_response/packages/flatpak_list.txt,live_response/packages,./uac: 1: eval: flatpak: not found,1,1,live_response/packages/flatpak_list.txt.stderr
live_response/packages/ipkg_list-installed.txt,live_response/packages,./uac: 1: eval: ipkg: not found,1,1,live_response/packages/ipkg_list-installed.txt.stderr
live_response/packages/ipkg_list_installed.txt,live_response/packages,./uac: 1: eval: ipkg: not found,1,1,live_response/packages/ipkg_list_installed.txt.stderr
live_response/packages/opkg_list-installed.txt,live_response/packages,./uac: 1: eval: opkg: not found,1,1,live_response/packages/opkg_list-installed.txt.stderr
live_response/packages/pacman_-Q_-e.txt,live_response/packages,./uac: 1: eval: pacman: not found,1,1,live_response/packages/pacman_-Q_-e.txt.stderr
live_response/packages/pacman_-Q_-m.txt,live_response/packages,./uac: 1: eval: pacman: not found,1,1,live_response/packages/pacman_-Q_-m.txt.stderr
live_response/packages/pacman_-Q_-n.txt,live_response/packages,./uac: 1: eval: pacman: not found,1,1,live_response/packages/pacman_-Q_-n.txt.stderr
live_response/packages/rpm_-q_-a.txt,live_response/packages,./uac: 1: eval: rpm: not found,1,1,live_response/packages/rpm_-q_-a.txt.stderr
live_response/packages/rpm_-q_-a_--queryformat_installtime_name_version_release.txt,live_response/packages,./uac: 1: eval: rpm: not found,1,1,live_response/packages/rpm_-q_-a_--queryformat_installtime_name_version_release.txt.stderr
live_response/packages/snap_list.txt,live_response/packages,No snaps are installed yet. Try 'snap install hello-world'.,1,1,live_response/packages/snap_list.txt.stderr
live_response/packages/yum_list_installed.txt,live_response/packages,./uac: 1: eval: yum: not found,1,1,live_response/packages/yum_list_installed.txt.stderr
live_response/process/hash_running_processes.md5,live_response/process,find: '/proc/4263/exe': No such file or directory,1,1,live_response/process/hash_running_processes.md5.stderr
live_response/process/hash_running_processes.md5,live_response/process,find: '/proc/4267/exe': No such file or directory,1,2,live_response/process/hash_running_processes.md5.stderr
live_response/process/hash_running_processes.md5,live_response/process,md5sum: /proc/10/exe: No such file or directory,1,3,live_response/process/hash_running_processes.md5.stderr
live_response/process/hash_running_processes.md5,live_response/process,md5sum: /proc/100/exe: No such file or directory,1,4,live_response/process/hash_running_processes.md5.stderr
live_response/process/hash_running_processes.md5,live_response/process,md5sum: /proc/101/exe: No such file or directory,1,5,live_response/process/hash_running_processes.md5.stderr
live_response/process/hash_running_processes.md5,live_response/process,md5sum: /proc/102/exe: No such file or directory,1,6,live_response/process/hash_running_processes.md5.stderr
live_response/process/hash_running_processes.md5,live_response/process,md5sum: /proc/103/exe: No such file or directory,1,7,live_response/process/hash_running_processes.md5.stderr
live_response/process/hash_running_processes.md5,live_response/process,md5sum: /proc/104/exe: No such file or directory,1,8,live_response/process/hash_running_processes.md5.stderr
live_response/process/hash_running_processes.md5,live_response/process,md5sum: /proc/105/exe: No such file or directory,1,9,live_response/process/hash_running_processes.md5.stderr
live_response/process/hash_running_processes.md5,live_response/process,md5sum: /proc/106/exe: No such file or directory,1,10,live_response/process/hash_running_processes.md5.stderr
live_response/process/hash_running_processes.md5,live_response/process,md5sum: /proc/107/exe: No such file or directory,1,11,live_response/process/hash_running_processes.md5.stderr
live_response/process/hash_running_processes.md5,live_response/process,md5sum: /proc/109/exe: No such file or directory,1,12,live_response/process/hash_running_processes.md5.stderr
live_response/process/hash_running_processes.md5,live_response/process,md5sum: /proc/11/exe: No such file or directory,1,13,live_response/process/hash_running_processes.md5.stderr
live_response/process/hash_running_processes.md5,live_response/process,md5sum: /proc/110/exe: No such file or directory,1,14,live_response/process/hash_running_processes.md5.stderr
live_response/process/hash_running_processes.md5,live_response/process,md5sum: /proc/114/exe: No such file or directory,1,15,live_response/process/hash_running_processes.md5.stderr
live_response/process/hash_running_processes.md5,live_response/process,md5sum: /proc/116/exe: No such file or directory,1,16,live_response/process/hash_running_processes.md5.stderr
live_response/process/hash_running_processes.md5,live_response/process,md5sum: /proc/117/exe: No such file or directory,1,17,live_response/process/hash_running_processes.md5.stderr
live_response/process/hash_running_processes.md5,live_response/process,md5sum: /proc/12/exe: No such file or directory,1,18,live_response/process/hash_running_processes.md5.stderr
live_response/process/hash_running_processes.md5,live_response/process,md5sum: /proc/12395/exe: No such file or directory,1,19,live_response/process/hash_running_processes.md5.stderr
live_response/process/hash_running_processes.md5,live_response/process,md5sum: /proc/12403/exe: No such file or directory,1,20,live_response/process/hash_running_processes.md5.stderr
live_response/process/hash_running_processes.md5,live_response/process,md5sum: /proc/12408/exe: No such file or directory,1,21,live_response/process/hash_running_processes.md5.stderr
live_response/process/hash_running_processes.md5,live_response/process,md5sum: /proc/12409/exe: No such file or directory,1,22,live_response/process/hash_running_processes.md5.stderr
live_response/process/hash_running_processes.md5,live_response/process,md5sum: /proc/12410/exe: No such file or directory,1,23,live_response/process/hash_running_processes.md5.stderr
live_response/process/hash_running_processes.md5,live_response/process,md5sum: /proc/126/exe: No such file or directory,1,24,live_response/process/hash_running_processes.md5.stderr
live_response/process/hash_running_processes.md5,live_response/process,md5sum: /proc/129/exe: No such file or directory,1,25,live_response/process/hash_running_processes.md5.stderr
live_response/process/hash_running_processes.md5,live_response/process,md5sum: /proc/13/exe: No such file or directory,1,26,live_response/process/hash_running_processes.md5.stderr
live_response/process/hash_running_processes.md5,live_response/process,md5sum: /proc/14/exe: No such file or directory,1,27,live_response/process/hash_running_processes.md5.stderr
live_response/process/hash_running_processes.md5,live_response/process,md5sum: /proc/15/exe: No such file or directory,1,28,live_response/process/hash_running_processes.md5.stderr
live_response/process/hash_running_processes.md5,live_response/process,md5sum: /proc/16/exe: No such file or directory,1,29,live_response/process/hash_running_processes.md5.stderr
live_response/process/hash_running_processes.md5,live_response/process,md5sum: /proc/17/exe: No such file or directory,1,30,live_response/process/hash_running_processes.md5.stderr
live_response/process/hash_running_processes.md5,live_response/process,md5sum: /proc/17280/exe: No such file or directory,1,31,live_response/process/hash_running_processes.md5.stderr
live_response/process/hash_running_processes.md5,live_response/process,md5sum: /proc/18/exe: No such file or directory,1,32,live_response/process/hash_running_processes.md5.stderr
live_response/process/hash_running_processes.md5,live_response/process,md5sum: /proc/19/exe: No such file or directory,1,33,live_response/process/hash_running_processes.md5.stderr
live_response/process/hash_running_processes.md5,live_response/process,md5sum: /proc/2/exe: No such file or directory,1,34,live_response/process/hash_running_processes.md5.stderr
live_response/process/hash_running_processes.md5,live_response/process,md5sum: /proc/20/exe: No such file or directory,1,35,live_response/process/hash_running_processes.md5.stderr
live_response/process/hash_running_processes.md5,live_response/process,md5sum: /proc/202/exe: No such file or directory,1,36,live_response/process/hash_running_processes.md5.stderr
live_response/process/hash_running_processes.md5,live_response/process,md5sum: /proc/21/exe: No such file or directory,1,37,live_response/process/hash_running_processes.md5.stderr
live_response/process/hash_running_processes.md5,live_response/process,md5sum: /proc/22/exe: No such file or directory,1,38,live_response/process/hash_running_processes.md5.stderr
live_response/process/hash_running_processes.md5,live_response/process,md5sum: /proc/22463/exe: No such file or directory,1,39,live_response/process/hash_running_processes.md5.stderr
live_response/process/hash_running_processes.md5,live_response/process,md5sum: /proc/23/exe: No such file or directory,1,40,live_response/process/hash_running_processes.md5.stderr
live_response/process/hash_running_processes.md5,live_response/process,md5sum: /proc/2447/exe: No such file or directory,1,41,live_response/process/hash_running_processes.md5.stderr
live_response/process/hash_running_processes.md5,live_response/process,md5sum: /proc/25379/exe: No such file or directory,1,42,live_response/process/hash_running_processes.md5.stderr
live_response/process/hash_running_processes.md5,live_response/process,md5sum: /proc/28904/exe: No such file or directory,1,43,live_response/process/hash_running_processes.md5.stderr
live_response/process/hash_running_processes.md5,live_response/process,md5sum: /proc/3/exe: No such file or directory,1,44,live_response/process/hash_running_processes.md5.stderr
live_response/process/hash_running_processes.md5,live_response/process,md5sum: /proc/310/exe: No such file or directory,1,45,live_response/process/hash_running_processes.md5.stderr
live_response/process/hash_running_processes.md5,live_response/process,md5sum: /proc/32156/exe: No such file or directory,1,46,live_response/process/hash_running_processes.md5.stderr
live_response/process/hash_running_processes.md5,live_response/process,md5sum: /proc/361/exe: No such file or directory,1,47,live_response/process/hash_running_processes.md5.stderr
live_response/process/hash_running_processes.md5,live_response/process,md5sum: /proc/362/exe: No such file or directory,1,48,live_response/process/hash_running_processes.md5.stderr
live_response/process/hash_running_processes.md5,live_response/process,md5sum: /proc/4/exe: No such file or directory,1,49,live_response/process/hash_running_processes.md5.stderr
live_response/process/hash_running_processes.md5,live_response/process,md5sum: /proc/4268/exe: No such file or directory,1,50,live_response/process/hash_running_processes.md5.stderr
live_response/process/hash_running_processes.md5,live_response/process,md5sum: /proc/4269/exe: No such file or directory,1,51,live_response/process/hash_running_processes.md5.stderr
live_response/process/hash_running_processes.md5,live_response/process,md5sum: /proc/438/exe: No such file or directory,1,52,live_response/process/hash_running_processes.md5.stderr
live_response/process/hash_running_processes.md5,live_response/process,md5sum: /proc/448/exe: No such file or directory,1,53,live_response/process/hash_running_processes.md5.stderr
live_response/process/hash_running_processes.md5,live_response/process,md5sum: /proc/449/exe: No such file or directory,1,54,live_response/process/hash_running_processes.md5.stderr
live_response/process/hash_running_processes.md5,live_response/process,md5sum: /proc/451/exe: No such file or directory,1,55,live_response/process/hash_running_processes.md5.stderr
live_response/process/hash_running_processes.md5,live_response/process,md5sum: /proc/453/exe: No such file or directory,1,56,live_response/process/hash_running_processes.md5.stderr
live_response/process/hash_running_processes.md5,live_response/process,md5sum: /proc/455/exe: No such file or directory,1,57,live_response/process/hash_running_processes.md5.stderr
live_response/process/hash_running_processes.md5,live_response/process,md5sum: /proc/477/exe: No such file or directory,1,58,live_response/process/hash_running_processes.md5.stderr
live_response/process/hash_running_processes.md5,live_response/process,md5sum: /proc/6/exe: No such file or directory,1,59,live_response/process/hash_running_processes.md5.stderr
live_response/process/hash_running_processes.md5,live_response/process,md5sum: /proc/69/exe: No such file or directory,1,60,live_response/process/hash_running_processes.md5.stderr
live_response/process/hash_running_processes.md5,live_response/process,md5sum: /proc/70/exe: No such file or directory,1,61,live_response/process/hash_running_processes.md5.stderr
live_response/process/hash_running_processes.md5,live_response/process,md5sum: /proc/71/exe: No such file or directory,1,62,live_response/process/hash_running_processes.md5.stderr
live_response/process/hash_running_processes.md5,live_response/process,md5sum: /proc/72/exe: No such file or directory,1,63,live_response/process/hash_running_processes.md5.stderr
live_response/process/hash_running_processes.md5,live_response/process,md5sum: /proc/73/exe: No such file or directory,1,64,live_response/process/hash_running_processes.md5.stderr
live_response/process/hash_running_processes.md5,live_response/process,md5sum: /proc/74/exe: No such file or directory,1,65,live_response/process/hash_running_processes.md5.stderr
live_response/process/hash_running_processes.md5,live_response/process,md5sum: /proc/75/exe: No such file or directory,1,66,live_response/process/hash_running_processes.md5.stderr
live_response/process/hash_running_processes.md5,live_response/process,md5sum: /proc/76/exe: No such file or directory,1,67,live_response/process/hash_running_processes.md5.stderr
live_response/process/hash_running_processes.md5,live_response/process,md5sum: /proc/77/exe: No such file or directory,1,68,live_response/process/hash_running_processes.md5.stderr
live_response/process/hash_running_processes.md5,live_response/process,md5sum: /proc/78/exe: No such file or directory,1,69,live_response/process/hash_running_processes.md5.stderr
live_response/process/hash_running_processes.md5,live_response/process,md5sum: /proc/79/exe: No such file or directory,1,70,live_response/process/hash_running_processes.md5.stderr
live_response/process/hash_running_processes.md5,live_response/process,md5sum: /proc/80/exe: No such file or directory,1,71,live_response/process/hash_running_processes.md5.stderr
live_response/process/hash_running_processes.md5,live_response/process,md5sum: /proc/83/exe: No such file or directory,1,72,live_response/process/hash_running_processes.md5.stderr
live_response/process/hash_running_processes.md5,live_response/process,md5sum: /proc/84/exe: No such file or directory,1,73,live_response/process/hash_running_processes.md5.stderr
live_response/process/hash_running_processes.md5,live_response/process,md5sum: /proc/86/exe: No such file or directory,1,74,live_response/process/hash_running_processes.md5.stderr
live_response/process/hash_running_processes.md5,live_response/process,md5sum: /proc/87/exe: No such file or directory,1,75,live_response/process/hash_running_processes.md5.stderr
live_response/process/hash_running_processes.md5,live_response/process,md5sum: /proc/88/exe: No such file or directory,1,76,live_response/process/hash_running_processes.md5.stderr
live_response/process/hash_running_processes.md5,live_response/process,md5sum: /proc/9/exe: No such file or directory,1,77,live_response/process/hash_running_processes.md5.stderr
live_response/process/hash_running_processes.md5,live_response/process,md5sum: /proc/90/exe: No such file or directory,1,78,live_response/process/hash_running_processes.md5.stderr
live_response/process/hash_running_processes.md5,live_response/process,md5sum: /proc/91/exe: No such file or directory,1,79,live_response/process/hash_running_processes.md5.stderr
live_response/process/hash_running_processes.md5,live_response/process,md5sum: /proc/92/exe: No such file or directory,1,80,live_response/process/hash_running_processes.md5.stderr
live_response/process/hash_running_processes.md5,live_response/process,md5sum: /proc/94/exe: No such file or directory,1,81,live_response/process/hash_running_processes.md5.stderr
live_response/process/hash_running_processes.md5,live_response/process,md5sum: /proc/95/exe: No such file or directory,1,82,live_response/process/hash_running_processes.md5.stderr
live_response/process/hash_running_processes.md5,live_response/process,md5sum: /proc/96/exe: No such file or directory,1,83,live_response/process/hash_running_processes.md5.stderr
live_response/process/hash_running_processes.md5,live_response/process,md5sum: /proc/98/exe: No such file or directory,1,84,live_response/process/hash_running_processes.md5.stderr
live_response/process/hash_running_processes.md5,live_response/process,md5sum: /proc/99/exe: No such file or directory,1,85,live_response/process/hash_running_processes.md5.stderr
live_response/process/hash_running_processes.md5,live_response/process,md5sum: /proc/993/exe: No such file or directory,1,86,live_response/process/hash_running_processes.md5.stderr
live_response/process/hash_running_processes.md5,live_response/process,md5sum: /proc/994/exe: No such file or directory,1,87,live_response/process/hash_running_processes.md5.stderr
live_response/process/hash_running_processes.sha1,live_response/process,sha1sum: /proc/10/exe: No such file or directory,1,1,live_response/process/hash_running_processes.sha1.stderr
live_response/process/hash_running_processes.sha1,live_response/process,sha1sum: /proc/100/exe: No such file or directory,1,2,live_response/process/hash_running_processes.sha1.stderr
live_response/process/hash_running_processes.sha1,live_response/process,sha1sum: /proc/101/exe: No such file or directory,1,3,live_response/process/hash_running_processes.sha1.stderr
live_response/process/hash_running_processes.sha1,live_response/process,sha1sum: /proc/102/exe: No such file or directory,1,4,live_response/process/hash_running_processes.sha1.stderr
live_response/process/hash_running_processes.sha1,live_response/process,sha1sum: /proc/103/exe: No such file or directory,1,5,live_response/process/hash_running_processes.sha1.stderr
live_response/process/hash_running_processes.sha1,live_response/process,sha1sum: /proc/104/exe: No such file or directory,1,6,live_response/process/hash_running_processes.sha1.stderr
live_response/process/hash_running_processes.sha1,live_response/process,sha1sum: /proc/105/exe: No such file or directory,1,7,live_response/process/hash_running_processes.sha1.stderr
live_response/process/hash_running_processes.sha1,live_response/process,sha1sum: /proc/106/exe: No such file or directory,1,8,live_response/process/hash_running_processes.sha1.stderr
live_response/process/hash_running_processes.sha1,live_response/process,sha1sum: /proc/107/exe: No such file or directory,1,9,live_response/process/hash_running_processes.sha1.stderr
live_response/process/hash_running_processes.sha1,live_response/process,sha1sum: /proc/109/exe: No such file or directory,1,10,live_response/process/hash_running_processes.sha1.stderr
live_response/process/hash_running_processes.sha1,live_response/process,sha1sum: /proc/11/exe: No such file or directory,1,11,live_response/process/hash_running_processes.sha1.stderr
live_response/process/hash_running_processes.sha1,live_response/process,sha1sum: /proc/110/exe: No such file or directory,1,12,live_response/process/hash_running_processes.sha1.stderr
live_response/process/hash_running_processes.sha1,live_response/process,sha1sum: /proc/114/exe: No such file or directory,1,13,live_response/process/hash_running_processes.sha1.stderr
live_response/process/hash_running_processes.sha1,live_response/process,sha1sum: /proc/116/exe: No such file or directory,1,14,live_response/process/hash_running_processes.sha1.stderr
live_response/process/hash_running_processes.sha1,live_response/process,sha1sum: /proc/117/exe: No such file or directory,1,15,live_response/process/hash_running_processes.sha1.stderr
live_response/process/hash_running_processes.sha1,live_response/process,sha1sum: /proc/12/exe: No such file or directory,1,16,live_response/process/hash_running_processes.sha1.stderr
live_response/process/hash_running_processes.sha1,live_response/process,sha1sum: /proc/12395/exe: No such file or directory,1,17,live_response/process/hash_running_processes.sha1.stderr
live_response/process/hash_running_processes.sha1,live_response/process,sha1sum: /proc/12403/exe: No such file or directory,1,18,live_response/process/hash_running_processes.sha1.stderr
live_response/process/hash_running_processes.sha1,live_response/process,sha1sum: /proc/12408/exe: No such file or directory,1,19,live_response/process/hash_running_processes.sha1.stderr
live_response/process/hash_running_processes.sha1,live_response/process,sha1sum: /proc/12409/exe: No such file or directory,1,20,live_response/process/hash_running_processes.sha1.stderr
live_response/process/hash_running_processes.sha1,live_response/process,sha1sum: /proc/12410/exe: No such file or directory,1,21,live_response/process/hash_running_processes.sha1.stderr
live_response/process/hash_running_processes.sha1,live_response/process,sha1sum: /proc/126/exe: No such file or directory,1,22,live_response/process/hash_running_processes.sha1.stderr
live_response/process/hash_running_processes.sha1,live_response/process,sha1sum: /proc/129/exe: No such file or directory,1,23,live_response/process/hash_running_processes.sha1.stderr
live_response/process/hash_running_processes.sha1,live_response/process,sha1sum: /proc/13/exe: No such file or directory,1,24,live_response/process/hash_running_processes.sha1.stderr
live_response/process/hash_running_processes.sha1,live_response/process,sha1sum: /proc/14/exe: No such file or directory,1,25,live_response/process/hash_running_processes.sha1.stderr
live_response/process/hash_running_processes.sha1,live_response/process,sha1sum: /proc/15/exe: No such file or directory,1,26,live_response/process/hash_running_processes.sha1.stderr
live_response/process/hash_running_processes.sha1,live_response/process,sha1sum: /proc/16/exe: No such file or directory,1,27,live_response/process/hash_running_processes.sha1.stderr
live_response/process/hash_running_processes.sha1,live_response/process,sha1sum: /proc/17/exe: No such file or directory,1,28,live_response/process/hash_running_processes.sha1.stderr
live_response/process/hash_running_processes.sha1,live_response/process,sha1sum: /proc/17280/exe: No such file or directory,1,29,live_response/process/hash_running_processes.sha1.stderr
live_response/process/hash_running_processes.sha1,live_response/process,sha1sum: /proc/18/exe: No such file or directory,1,30,live_response/process/hash_running_processes.sha1.stderr
live_response/process/hash_running_processes.sha1,live_response/process,sha1sum: /proc/19/exe: No such file or directory,1,31,live_response/process/hash_running_processes.sha1.stderr
live_response/process/hash_running_processes.sha1,live_response/process,sha1sum: /proc/2/exe: No such file or directory,1,32,live_response/process/hash_running_processes.sha1.stderr
live_response/process/hash_running_processes.sha1,live_response/process,sha1sum: /proc/20/exe: No such file or directory,1,33,live_response/process/hash_running_processes.sha1.stderr
live_response/process/hash_running_processes.sha1,live_response/process,sha1sum: /proc/202/exe: No such file or directory,1,34,live_response/process/hash_running_processes.sha1.stderr
live_response/process/hash_running_processes.sha1,live_response/process,sha1sum: /proc/21/exe: No such file or directory,1,35,live_response/process/hash_running_processes.sha1.stderr
live_response/process/hash_running_processes.sha1,live_response/process,sha1sum: /proc/22/exe: No such file or directory,1,36,live_response/process/hash_running_processes.sha1.stderr
live_response/process/hash_running_processes.sha1,live_response/process,sha1sum: /proc/22463/exe: No such file or directory,1,37,live_response/process/hash_running_processes.sha1.stderr
live_response/process/hash_running_processes.sha1,live_response/process,sha1sum: /proc/23/exe: No such file or directory,1,38,live_response/process/hash_running_processes.sha1.stderr
live_response/process/hash_running_processes.sha1,live_response/process,sha1sum: /proc/2447/exe: No such file or directory,1,39,live_response/process/hash_running_processes.sha1.stderr
live_response/process/hash_running_processes.sha1,live_response/process,sha1sum: /proc/25379/exe: No such file or directory,1,40,live_response/process/hash_running_processes.sha1.stderr
live_response/process/hash_running_processes.sha1,live_response/process,sha1sum: /proc/28904/exe: No such file or directory,1,41,live_response/process/hash_running_processes.sha1.stderr
live_response/process/hash_running_processes.sha1,live_response/process,sha1sum: /proc/3/exe: No such file or directory,1,42,live_response/process/hash_running_processes.sha1.stderr
live_response/process/hash_running_processes.sha1,live_response/process,sha1sum: /proc/310/exe: No such file or directory,1,43,live_response/process/hash_running_processes.sha1.stderr
live_response/process/hash_running_processes.sha1,live_response/process,sha1sum: /proc/32156/exe: No such file or directory,1,44,live_response/process/hash_running_processes.sha1.stderr
live_response/process/hash_running_processes.sha1,live_response/process,sha1sum: /proc/361/exe: No such file or directory,1,45,live_response/process/hash_running_processes.sha1.stderr
live_response/process/hash_running_processes.sha1,live_response/process,sha1sum: /proc/362/exe: No such file or directory,1,46,live_response/process/hash_running_processes.sha1.stderr
live_response/process/hash_running_processes.sha1,live_response/process,sha1sum: /proc/4/exe: No such file or directory,1,47,live_response/process/hash_running_processes.sha1.stderr
live_response/process/hash_running_processes.sha1,live_response/process,sha1sum: /proc/4372/exe: No such file or directory,1,48,live_response/process/hash_running_processes.sha1.stderr
live_response/process/hash_running_processes.sha1,live_response/process,sha1sum: /proc/4376/exe: No such file or directory,1,49,live_response/process/hash_running_processes.sha1.stderr
live_response/process/hash_running_processes.sha1,live_response/process,sha1sum: /proc/438/exe: No such file or directory,1,50,live_response/process/hash_running_processes.sha1.stderr
live_response/process/hash_running_processes.sha1,live_response/process,sha1sum: /proc/4476/exe: No such file or directory,1,51,live_response/process/hash_running_processes.sha1.stderr
live_response/process/hash_running_processes.sha1,live_response/process,sha1sum: /proc/4477/exe: No such file or directory,1,52,live_response/process/hash_running_processes.sha1.stderr
live_response/process/hash_running_processes.sha1,live_response/process,sha1sum: /proc/448/exe: No such file or directory,1,53,live_response/process/hash_running_processes.sha1.stderr
live_response/process/hash_running_processes.sha1,live_response/process,sha1sum: /proc/449/exe: No such file or directory,1,54,live_response/process/hash_running_processes.sha1.stderr
live_response/process/hash_running_processes.sha1,live_response/process,sha1sum: /proc/451/exe: No such file or directory,1,55,live_response/process/hash_running_processes.sha1.stderr
live_response/process/hash_running_processes.sha1,live_response/process,sha1sum: /proc/453/exe: No such file or directory,1,56,live_response/process/hash_running_processes.sha1.stderr
live_response/process/hash_running_processes.sha1,live_response/process,sha1sum: /proc/455/exe: No such file or directory,1,57,live_response/process/hash_running_processes.sha1.stderr
live_response/process/hash_running_processes.sha1,live_response/process,sha1sum: /proc/477/exe: No such file or directory,1,58,live_response/process/hash_running_processes.sha1.stderr
live_response/process/hash_running_processes.sha1,live_response/process,sha1sum: /proc/6/exe: No such file or directory,1,59,live_response/process/hash_running_processes.sha1.stderr
live_response/process/hash_running_processes.sha1,live_response/process,sha1sum: /proc/69/exe: No such file or directory,1,60,live_response/process/hash_running_processes.sha1.stderr
live_response/process/hash_running_processes.sha1,live_response/process,sha1sum: /proc/70/exe: No such file or directory,1,61,live_response/process/hash_running_processes.sha1.stderr
live_response/process/hash_running_processes.sha1,live_response/process,sha1sum: /proc/71/exe: No such file or directory,1,62,live_response/process/hash_running_processes.sha1.stderr
live_response/process/hash_running_processes.sha1,live_response/process,sha1sum: /proc/72/exe: No such file or directory,1,63,live_response/process/hash_running_processes.sha1.stderr
live_response/process/hash_running_processes.sha1,live_response/process,sha1sum: /proc/73/exe: No such file or directory,1,64,live_response/process/hash_running_processes.sha1.stderr
live_response/process/hash_running_processes.sha1,live_response/process,sha1sum: /proc/74/exe: No such file or directory,1,65,live_response/process/hash_running_processes.sha1.stderr
live_response/process/hash_running_processes.sha1,live_response/process,sha1sum: /proc/75/exe: No such file or directory,1,66,live_response/process/hash_running_processes.sha1.stderr
live_response/process/hash_running_processes.sha1,live_response/process,sha1sum: /proc/76/exe: No such file or directory,1,67,live_response/process/hash_running_processes.sha1.stderr
live_response/process/hash_running_processes.sha1,live_response/process,sha1sum: /proc/77/exe: No such file or directory,1,68,live_response/process/hash_running_processes.sha1.stderr
live_response/process/hash_running_processes.sha1,live_response/process,sha1sum: /proc/78/exe: No such file or directory,1,69,live_response/process/hash_running_processes.sha1.stderr
live_response/process/hash_running_processes.sha1,live_response/process,sha1sum: /proc/79/exe: No such file or directory,1,70,live_response/process/hash_running_processes.sha1.stderr
live_response/process/hash_running_processes.sha1,live_response/process,sha1sum: /proc/80/exe: No such file or directory,1,71,live_response/process/hash_running_processes.sha1.stderr
live_response/process/hash_running_processes.sha1,live_response/process,sha1sum: /proc/83/exe: No such file or directory,1,72,live_response/process/hash_running_processes.sha1.stderr
live_response/process/hash_running_processes.sha1,live_response/process,sha1sum: /proc/84/exe: No such file or directory,1,73,live_response/process/hash_running_processes.sha1.stderr
live_response/process/hash_running_processes.sha1,live_response/process,sha1sum: /proc/86/exe: No such file or directory,1,74,live_response/process/hash_running_processes.sha1.stderr
live_response/process/hash_running_processes.sha1,live_response/process,sha1sum: /proc/87/exe: No such file or directory,1,75,live_response/process/hash_running_processes.sha1.stderr
live_response/process/hash_running_processes.sha1,live_response/process,sha1sum: /proc/88/exe: No such file or directory,1,76,live_response/process/hash_running_processes.sha1.stderr
live_response/process/hash_running_processes.sha1,live_response/process,sha1sum: /proc/9/exe: No such file or directory,1,77,live_response/process/hash_running_processes.sha1.stderr
live_response/process/hash_running_processes.sha1,live_response/process,sha1sum: /proc/90/exe: No such file or directory,1,78,live_response/process/hash_running_processes.sha1.stderr
live_response/process/hash_running_processes.sha1,live_response/process,sha1sum: /proc/91/exe: No such file or directory,1,79,live_response/process/hash_running_processes.sha1.stderr
live_response/process/hash_running_processes.sha1,live_response/process,sha1sum: /proc/92/exe: No such file or directory,1,80,live_response/process/hash_running_processes.sha1.stderr
live_response/process/hash_running_processes.sha1,live_response/process,sha1sum: /proc/94/exe: No such file or directory,1,81,live_response/process/hash_running_processes.sha1.stderr
live_response/process/hash_running_processes.sha1,live_response/process,sha1sum: /proc/95/exe: No such file or directory,1,82,live_response/process/hash_running_processes.sha1.stderr
live_response/process/hash_running_processes.sha1,live_response/process,sha1sum: /proc/96/exe: No such file or directory,1,83,live_response/process/hash_running_processes.sha1.stderr
live_response/process/hash_running_processes.sha1,live_response/process,sha1sum: /proc/98/exe: No such file or directory,1,84,live_response/process/hash_running_processes.sha1.stderr
live_response/process/hash_running_processes.sha1,live_response/process,sha1sum: /proc/99/exe: No such file or directory,1,85,live_response/process/hash_running_processes.sha1.stderr
live_response/process/hash_running_processes.sha1,live_response/process,sha1sum: /proc/993/exe: No such file or directory,1,86,live_response/process/hash_running_processes.sha1.stderr
live_response/process/hash_running_processes.sha1,live_response/process,sha1sum: /proc/994/exe: No such file or directory,1,87,live_response/process/hash_running_processes.sha1.stderr
live_response/process/ls_-la_proc.txt,live_response/process,ls: cannot read symbolic link '/proc/10/exe': No such file or directory,1,1,live_response/process/ls_-la_proc.txt.stderr
live_response/process/ls_-la_proc.txt,live_response/process,ls: cannot read symbolic link '/proc/100/exe': No such file or directory,1,2,live_response/process/ls_-la_proc.txt.stderr
live_response/process/ls_-la_proc.txt,live_response/process,ls: cannot read symbolic link '/proc/101/exe': No such file or directory,1,3,live_response/process/ls_-la_proc.txt.stderr
live_response/process/ls_-la_proc.txt,live_response/process,ls: cannot read symbolic link '/proc/102/exe': No such file or directory,1,4,live_response/process/ls_-la_proc.txt.stderr
live_response/process/ls_-la_proc.txt,live_response/process,ls: cannot read symbolic link '/proc/103/exe': No such file or directory,1,5,live_response/process/ls_-la_proc.txt.stderr
live_response/process/ls_-la_proc.txt,live_response/process,ls: cannot read symbolic link '/proc/104/exe': No such file or directory,1,6,live_response/process/ls_-la_proc.txt.stderr
live_response/process/ls_-la_proc.txt,live_response/process,ls: cannot read symbolic link '/proc/105/exe': No such file or directory,1,7,live_response/process/ls_-la_proc.txt.stderr
live_response/process/ls_-la_proc.txt,live_response/process,ls: cannot read symbolic link '/proc/106/exe': No such file or directory,1,8,live_response/process/ls_-la_proc.txt.stderr
live_response/process/ls_-la_proc.txt,live_response/process,ls: cannot read symbolic link '/proc/107/exe': No such file or directory,1,9,live_response/process/ls_-la_proc.txt.stderr
live_response/process/ls_-la_proc.txt,live_response/process,ls: cannot read symbolic link '/proc/109/exe': No such file or directory,1,10,live_response/process/ls_-la_proc.txt.stderr
live_response/process/ls_-la_proc.txt,live_response/process,ls: cannot read symbolic link '/proc/11/exe': No such file or directory,1,11,live_response/process/ls_-la_proc.txt.stderr
live_response/process/ls_-la_proc.txt,live_response/process,ls: cannot read symbolic link '/proc/110/exe': No such file or directory,1,12,live_response/process/ls_-la_proc.txt.stderr
live_response/process/ls_-la_proc.txt,live_response/process,ls: cannot read symbolic link '/proc/114/exe': No such file or directory,1,13,live_response/process/ls_-la_proc.txt.stderr
live_response/process/ls_-la_proc.txt,live_response/process,ls: cannot read symbolic link '/proc/116/exe': No such file or directory,1,14,live_response/process/ls_-la_proc.txt.stderr
live_response/process/ls_-la_proc.txt,live_response/process,ls: cannot read symbolic link '/proc/117/exe': No such file or directory,1,15,live_response/process/ls_-la_proc.txt.stderr
live_response/process/ls_-la_proc.txt,live_response/process,ls: cannot read symbolic link '/proc/12/exe': No such file or directory,1,16,live_response/process/ls_-la_proc.txt.stderr
live_response/process/ls_-la_proc.txt,live_response/process,ls: cannot read symbolic link '/proc/12395/exe': No such file or directory,1,17,live_response/process/ls_-la_proc.txt.stderr
live_response/process/ls_-la_proc.txt,live_response/process,ls: cannot read symbolic link '/proc/12403/exe': No such file or directory,1,18,live_response/process/ls_-la_proc.txt.stderr
live_response/process/ls_-la_proc.txt,live_response/process,ls: cannot read symbolic link '/proc/12408/exe': No such file or directory,1,19,live_response/process/ls_-la_proc.txt.stderr
live_response/process/ls_-la_proc.txt,live_response/process,ls: cannot read symbolic link '/proc/12409/exe': No such file or directory,1,20,live_response/process/ls_-la_proc.txt.stderr
live_response/process/ls_-la_proc.txt,live_response/process,ls: cannot read symbolic link '/proc/12410/exe': No such file or directory,1,21,live_response/process/ls_-la_proc.txt.stderr
live_response/process/ls_-la_proc.txt,live_response/process,ls: cannot read symbolic link '/proc/126/exe': No such file or directory,1,22,live_response/process/ls_-la_proc.txt.stderr
live_response/process/ls_-la_proc.txt,live_response/process,ls: cannot read symbolic link '/proc/129/exe': No such file or directory,1,23,live_response/process/ls_-la_proc.txt.stderr
live_response/process/ls_-la_proc.txt,live_response/process,ls: cannot read symbolic link '/proc/13/exe': No such file or directory,1,24,live_response/process/ls_-la_proc.txt.stderr
live_response/process/ls_-la_proc.txt,live_response/process,ls: cannot read symbolic link '/proc/14/exe': No such file or directory,1,25,live_response/process/ls_-la_proc.txt.stderr
live_response/process/ls_-la_proc.txt,live_response/process,ls: cannot read symbolic link '/proc/15/exe': No such file or directory,1,26,live_response/process/ls_-la_proc.txt.stderr
live_response/process/ls_-la_proc.txt,live_response/process,ls: cannot read symbolic link '/proc/16/exe': No such file or directory,1,27,live_response/process/ls_-la_proc.txt.stderr
live_response/process/ls_-la_proc.txt,live_response/process,ls: cannot read symbolic link '/proc/17/exe': No such file or directory,1,28,live_response/process/ls_-la_proc.txt.stderr
live_response/process/ls_-la_proc.txt,live_response/process,ls: cannot read symbolic link '/proc/17280/exe': No such file or directory,1,29,live_response/process/ls_-la_proc.txt.stderr
live_response/process/ls_-la_proc.txt,live_response/process,ls: cannot read symbolic link '/proc/18/exe': No such file or directory,1,30,live_response/process/ls_-la_proc.txt.stderr
live_response/process/ls_-la_proc.txt,live_response/process,ls: cannot read symbolic link '/proc/19/exe': No such file or directory,1,31,live_response/process/ls_-la_proc.txt.stderr
live_response/process/ls_-la_proc.txt,live_response/process,ls: cannot read symbolic link '/proc/19986/exe': No such file or directory,1,32,live_response/process/ls_-la_proc.txt.stderr
live_response/process/ls_-la_proc.txt,live_response/process,ls: cannot read symbolic link '/proc/2/exe': No such file or directory,1,33,live_response/process/ls_-la_proc.txt.stderr
live_response/process/ls_-la_proc.txt,live_response/process,ls: cannot read symbolic link '/proc/20/exe': No such file or directory,1,34,live_response/process/ls_-la_proc.txt.stderr
live_response/process/ls_-la_proc.txt,live_response/process,ls: cannot read symbolic link '/proc/202/exe': No such file or directory,1,35,live_response/process/ls_-la_proc.txt.stderr
live_response/process/ls_-la_proc.txt,live_response/process,ls: cannot read symbolic link '/proc/21/exe': No such file or directory,1,36,live_response/process/ls_-la_proc.txt.stderr
live_response/process/ls_-la_proc.txt,live_response/process,ls: cannot read symbolic link '/proc/22/exe': No such file or directory,1,37,live_response/process/ls_-la_proc.txt.stderr
live_response/process/ls_-la_proc.txt,live_response/process,ls: cannot read symbolic link '/proc/22463/exe': No such file or directory,1,38,live_response/process/ls_-la_proc.txt.stderr
live_response/process/ls_-la_proc.txt,live_response/process,ls: cannot read symbolic link '/proc/23/exe': No such file or directory,1,39,live_response/process/ls_-la_proc.txt.stderr
live_response/process/ls_-la_proc.txt,live_response/process,ls: cannot read symbolic link '/proc/2447/exe': No such file or directory,1,40,live_response/process/ls_-la_proc.txt.stderr
live_response/process/ls_-la_proc.txt,live_response/process,ls: cannot read symbolic link '/proc/28904/exe': No such file or directory,1,41,live_response/process/ls_-la_proc.txt.stderr
live_response/process/ls_-la_proc.txt,live_response/process,ls: cannot read symbolic link '/proc/3/exe': No such file or directory,1,42,live_response/process/ls_-la_proc.txt.stderr
live_response/process/ls_-la_proc.txt,live_response/process,ls: cannot read symbolic link '/proc/310/exe': No such file or directory,1,43,live_response/process/ls_-la_proc.txt.stderr
live_response/process/ls_-la_proc.txt,live_response/process,ls: cannot read symbolic link '/proc/32156/exe': No such file or directory,1,44,live_response/process/ls_-la_proc.txt.stderr
live_response/process/ls_-la_proc.txt,live_response/process,ls: cannot read symbolic link '/proc/361/exe': No such file or directory,1,45,live_response/process/ls_-la_proc.txt.stderr
live_response/process/ls_-la_proc.txt,live_response/process,ls: cannot read symbolic link '/proc/362/exe': No such file or directory,1,46,live_response/process/ls_-la_proc.txt.stderr
live_response/process/ls_-la_proc.txt,live_response/process,ls: cannot read symbolic link '/proc/4/exe': No such file or directory,1,47,live_response/process/ls_-la_proc.txt.stderr
live_response/process/ls_-la_proc.txt,live_response/process,ls: cannot read symbolic link '/proc/438/exe': No such file or directory,1,48,live_response/process/ls_-la_proc.txt.stderr
live_response/process/ls_-la_proc.txt,live_response/process,ls: cannot read symbolic link '/proc/448/exe': No such file or directory,1,49,live_response/process/ls_-la_proc.txt.stderr
live_response/process/ls_-la_proc.txt,live_response/process,ls: cannot read symbolic link '/proc/449/exe': No such file or directory,1,50,live_response/process/ls_-la_proc.txt.stderr
live_response/process/ls_-la_proc.txt,live_response/process,ls: cannot read symbolic link '/proc/451/exe': No such file or directory,1,51,live_response/process/ls_-la_proc.txt.stderr
live_response/process/ls_-la_proc.txt,live_response/process,ls: cannot read symbolic link '/proc/453/exe': No such file or directory,1,52,live_response/process/ls_-la_proc.txt.stderr
live_response/process/ls_-la_proc.txt,live_response/process,ls: cannot read symbolic link '/proc/455/exe': No such file or directory,1,53,live_response/process/ls_-la_proc.txt.stderr
live_response/process/ls_-la_proc.txt,live_response/process,ls: cannot read symbolic link '/proc/4674/exe': No such file or directory,1,54,live_response/process/ls_-la_proc.txt.stderr
live_response/process/ls_-la_proc.txt,live_response/process,ls: cannot read symbolic link '/proc/477/exe': No such file or directory,1,55,live_response/process/ls_-la_proc.txt.stderr
live_response/process/ls_-la_proc.txt,live_response/process,ls: cannot read symbolic link '/proc/6/exe': No such file or directory,1,56,live_response/process/ls_-la_proc.txt.stderr
live_response/process/ls_-la_proc.txt,live_response/process,ls: cannot read symbolic link '/proc/69/exe': No such file or directory,1,57,live_response/process/ls_-la_proc.txt.stderr
live_response/process/ls_-la_proc.txt,live_response/process,ls: cannot read symbolic link '/proc/70/exe': No such file or directory,1,58,live_response/process/ls_-la_proc.txt.stderr
live_response/process/ls_-la_proc.txt,live_response/process,ls: cannot read symbolic link '/proc/71/exe': No such file or directory,1,59,live_response/process/ls_-la_proc.txt.stderr
live_response/process/ls_-la_proc.txt,live_response/process,ls: cannot read symbolic link '/proc/72/exe': No such file or directory,1,60,live_response/process/ls_-la_proc.txt.stderr
live_response/process/ls_-la_proc.txt,live_response/process,ls: cannot read symbolic link '/proc/73/exe': No such file or directory,1,61,live_response/process/ls_-la_proc.txt.stderr
live_response/process/ls_-la_proc.txt,live_response/process,ls: cannot read symbolic link '/proc/74/exe': No such file or directory,1,62,live_response/process/ls_-la_proc.txt.stderr
live_response/process/ls_-la_proc.txt,live_response/process,ls: cannot read symbolic link '/proc/75/exe': No such file or directory,1,63,live_response/process/ls_-la_proc.txt.stderr
live_response/process/ls_-la_proc.txt,live_response/process,ls: cannot read symbolic link '/proc/76/exe': No such file or directory,1,64,live_response/process/ls_-la_proc.txt.stderr
live_response/process/ls_-la_proc.txt,live_response/process,ls: cannot read symbolic link '/proc/77/exe': No such file or directory,1,65,live_response/process/ls_-la_proc.txt.stderr
live_response/process/ls_-la_proc.txt,live_response/process,ls: cannot read symbolic link '/proc/78/exe': No such file or directory,1,66,live_response/process/ls_-la_proc.txt.stderr
live_response/process/ls_-la_proc.txt,live_response/process,ls: cannot read symbolic link '/proc/79/exe': No such file or directory,1,67,live_response/process/ls_-la_proc.txt.stderr
live_response/process/ls_-la_proc.txt,live_response/process,ls: cannot read symbolic link '/proc/80/exe': No such file or directory,1,68,live_response/process/ls_-la_proc.txt.stderr
live_response/process/ls_-la_proc.txt,live_response/process,ls: cannot read symbolic link '/proc/83/exe': No such file or directory,1,69,live_response/process/ls_-la_proc.txt.stderr
live_response/process/ls_-la_proc.txt,live_response/process,ls: cannot read symbolic link '/proc/84/exe': No such file or directory,1,70,live_response/process/ls_-la_proc.txt.stderr
live_response/process/ls_-la_proc.txt,live_response/process,ls: cannot open directory '/proc/8487': No such file or directory,1,71,live_response/process/ls_-la_proc.txt.stderr
live_response/process/ls_-la_proc.txt,live_response/process,ls: cannot open directory '/proc/8490': No such file or directory,1,72,live_response/process/ls_-la_proc.txt.stderr
live_response/process/ls_-la_proc.txt,live_response/process,ls: cannot open directory '/proc/8493': No such file or directory,1,73,live_response/process/ls_-la_proc.txt.stderr
live_response/process/ls_-la_proc.txt,live_response/process,ls: cannot read symbolic link '/proc/86/exe': No such file or directory,1,74,live_response/process/ls_-la_proc.txt.stderr
live_response/process/ls_-la_proc.txt,live_response/process,ls: cannot read symbolic link '/proc/87/exe': No such file or directory,1,75,live_response/process/ls_-la_proc.txt.stderr
live_response/process/ls_-la_proc.txt,live_response/process,ls: cannot read symbolic link '/proc/88/exe': No such file or directory,1,76,live_response/process/ls_-la_proc.txt.stderr
live_response/process/ls_-la_proc.txt,live_response/process,ls: cannot read symbolic link '/proc/9/exe': No such file or directory,1,77,live_response/process/ls_-la_proc.txt.stderr
live_response/process/ls_-la_proc.txt,live_response/process,ls: cannot read symbolic link '/proc/90/exe': No such file or directory,1,78,live_response/process/ls_-la_proc.txt.stderr
live_response/process/ls_-la_proc.txt,live_response/process,ls: cannot read symbolic link '/proc/91/exe': No such file or directory,1,79,live_response/process/ls_-la_proc.txt.stderr
live_response/process/ls_-la_proc.txt,live_response/process,ls: cannot read symbolic link '/proc/92/exe': No such file or directory,1,80,live_response/process/ls_-la_proc.txt.stderr
live_response/process/ls_-la_proc.txt,live_response/process,ls: cannot read symbolic link '/proc/94/exe': No such file or directory,1,81,live_response/process/ls_-la_proc.txt.stderr
live_response/process/ls_-la_proc.txt,live_response/process,ls: cannot read symbolic link '/proc/95/exe': No such file or directory,1,82,live_response/process/ls_-la_proc.txt.stderr
live_response/process/ls_-la_proc.txt,live_response/process,ls: cannot read symbolic link '/proc/96/exe': No such file or directory,1,83,live_response/process/ls_-la_proc.txt.stderr
live_response/process/ls_-la_proc.txt,live_response/process,ls: cannot read symbolic link '/proc/98/exe': No such file or directory,1,84,live_response/process/ls_-la_proc.txt.stderr
live_response/process/ls_-la_proc.txt,live_response/process,ls: cannot read symbolic link '/proc/99/exe': No such file or directory,1,85,live_response/process/ls_-la_proc.txt.stderr
live_response/process/ls_-la_proc.txt,live_response/process,ls: cannot read symbolic link '/proc/993/exe': No such file or directory,1,86,live_response/process/ls_-la_proc.txt.stderr
live_response/process/ls_-la_proc.txt,live_response/process,ls: cannot read symbolic link '/proc/994/exe': No such file or directory,1,87,live_response/process/ls_-la_proc.txt.stderr
live_response/process/proc/10/strings.txt,live_response/process/proc/10,strings: '/proc/10/exe': No such file,1,1,live_response/process/proc/10/strings.txt.stderr
live_response/process/proc/100/strings.txt,live_response/process/proc/100,strings: '/proc/100/exe': No such file,1,1,live_response/process/proc/100/strings.txt.stderr
live_response/process/proc/101/strings.txt,live_response/process/proc/101,strings: '/proc/101/exe': No such file,1,1,live_response/process/proc/101/strings.txt.stderr
