path,host_path,top_level,category,size_bytes,size_human,parsed_into
[root]/etc/NetworkManager/dispatcher.d/hook-network-manager,/etc/NetworkManager/dispatcher.d/hook-network-manager,[root],host filesystem copy,745,745 B,INIT_AND_PROFILE
[root]/etc/X11/Xsession.d/90gpg-agent,/etc/X11/Xsession.d/90gpg-agent,[root],host filesystem copy,902,902 B,ETC_CONFIGS
[root]/etc/adduser.conf,/etc/adduser.conf,[root],host filesystem copy,3116,3.0 KB,ETC_CONFIGS
[root]/etc/alternatives/README,/etc/alternatives/README,[root],host filesystem copy,102,102 B,
[root]/etc/apache2/extra/httpd-autoindex.conf,/etc/apache2/extra/httpd-autoindex.conf,[root],host filesystem copy,2974,2.9 KB,WEB_CONFIG
[root]/etc/apache2/extra/httpd-dav.conf,/etc/apache2/extra/httpd-dav.conf,[root],host filesystem copy,1777,1.7 KB,WEB_CONFIG
[root]/etc/apache2/extra/httpd-default.conf,/etc/apache2/extra/httpd-default.conf,[root],host filesystem copy,3032,3.0 KB,WEB_CONFIG
[root]/etc/apache2/extra/httpd-info.conf,/etc/apache2/extra/httpd-info.conf,[root],host filesystem copy,1155,1.1 KB,WEB_CONFIG
[root]/etc/apache2/extra/httpd-languages.conf,/etc/apache2/extra/httpd-languages.conf,[root],host filesystem copy,5219,5.1 KB,WEB_CONFIG
[root]/etc/apache2/extra/httpd-manual.conf,/etc/apache2/extra/httpd-manual.conf,[root],host filesystem copy,1473,1.4 KB,WEB_CONFIG
[root]/etc/apache2/extra/httpd-mpm.conf,/etc/apache2/extra/httpd-mpm.conf,[root],host filesystem copy,4575,4.5 KB,WEB_CONFIG
[root]/etc/apache2/extra/httpd-multilang-errordoc.conf,/etc/apache2/extra/httpd-multilang-errordoc.conf,[root],host filesystem copy,2274,2.2 KB,WEB_CONFIG
[root]/etc/apache2/extra/httpd-ssl.conf,/etc/apache2/extra/httpd-ssl.conf,[root],host filesystem copy,13479,13.2 KB,WEB_CONFIG
[root]/etc/apache2/extra/httpd-userdir.conf,/etc/apache2/extra/httpd-userdir.conf,[root],host filesystem copy,715,715 B,WEB_CONFIG
[root]/etc/apache2/extra/httpd-vhosts.conf,/etc/apache2/extra/httpd-vhosts.conf,[root],host filesystem copy,1520,1.5 KB,WEB_CONFIG
[root]/etc/apache2/extra/proxy-html.conf,/etc/apache2/extra/proxy-html.conf,[root],host filesystem copy,3251,3.2 KB,WEB_CONFIG
[root]/etc/apache2/httpd.conf,/etc/apache2/httpd.conf,[root],host filesystem copy,20945,20.5 KB,WEB_CONFIG
[root]/etc/apache2/magic,/etc/apache2/magic,[root],host filesystem copy,13449,13.1 KB,"WEB_CONFIG (reference data, not expanded)"
[root]/etc/apache2/mime.types,/etc/apache2/mime.types,[root],host filesystem copy,62702,61.2 KB,"WEB_CONFIG (reference data, not expanded)"
[root]/etc/apache2/original/extra/httpd-autoindex.conf,/etc/apache2/original/extra/httpd-autoindex.conf,[root],host filesystem copy,2974,2.9 KB,WEB_CONFIG
[root]/etc/apache2/original/extra/httpd-dav.conf,/etc/apache2/original/extra/httpd-dav.conf,[root],host filesystem copy,1777,1.7 KB,WEB_CONFIG
[root]/etc/apache2/original/extra/httpd-default.conf,/etc/apache2/original/extra/httpd-default.conf,[root],host filesystem copy,3032,3.0 KB,WEB_CONFIG
[root]/etc/apache2/original/extra/httpd-info.conf,/etc/apache2/original/extra/httpd-info.conf,[root],host filesystem copy,1155,1.1 KB,WEB_CONFIG
[root]/etc/apache2/original/extra/httpd-languages.conf,/etc/apache2/original/extra/httpd-languages.conf,[root],host filesystem copy,5219,5.1 KB,WEB_CONFIG
[root]/etc/apache2/original/extra/httpd-manual.conf,/etc/apache2/original/extra/httpd-manual.conf,[root],host filesystem copy,1473,1.4 KB,WEB_CONFIG
[root]/etc/apache2/original/extra/httpd-mpm.conf,/etc/apache2/original/extra/httpd-mpm.conf,[root],host filesystem copy,4575,4.5 KB,WEB_CONFIG
[root]/etc/apache2/original/extra/httpd-multilang-errordoc.conf,/etc/apache2/original/extra/httpd-multilang-errordoc.conf,[root],host filesystem copy,2274,2.2 KB,WEB_CONFIG
[root]/etc/apache2/original/extra/httpd-ssl.conf,/etc/apache2/original/extra/httpd-ssl.conf,[root],host filesystem copy,13479,13.2 KB,WEB_CONFIG
[root]/etc/apache2/original/extra/httpd-userdir.conf,/etc/apache2/original/extra/httpd-userdir.conf,[root],host filesystem copy,715,715 B,WEB_CONFIG
[root]/etc/apache2/original/extra/httpd-vhosts.conf,/etc/apache2/original/extra/httpd-vhosts.conf,[root],host filesystem copy,1520,1.5 KB,WEB_CONFIG
[root]/etc/apache2/original/extra/proxy-html.conf,/etc/apache2/original/extra/proxy-html.conf,[root],host filesystem copy,3251,3.2 KB,WEB_CONFIG
[root]/etc/apache2/original/httpd.conf,/etc/apache2/original/httpd.conf,[root],host filesystem copy,20801,20.3 KB,WEB_CONFIG
[root]/etc/apm/event.d/20hdparm,/etc/apm/event.d/20hdparm,[root],host filesystem copy,2347,2.3 KB,ETC_CONFIGS
[root]/etc/apparmor.d/abstractions/X,/etc/apparmor.d/abstractions/X,[root],host filesystem copy,1965,1.9 KB,
[root]/etc/apparmor.d/abstractions/apache2-common,/etc/apparmor.d/abstractions/apache2-common,[root],host filesystem copy,903,903 B,
[root]/etc/apparmor.d/abstractions/apparmor_api/change_profile,/etc/apparmor.d/abstractions/apparmor_api/change_profile,[root],host filesystem copy,404,404 B,
[root]/etc/apparmor.d/abstractions/apparmor_api/examine,/etc/apparmor.d/abstractions/apparmor_api/examine,[root],host filesystem copy,488,488 B,
[root]/etc/apparmor.d/abstractions/apparmor_api/find_mountpoint,/etc/apparmor.d/abstractions/apparmor_api/find_mountpoint,[root],host filesystem copy,516,516 B,
[root]/etc/apparmor.d/abstractions/apparmor_api/introspect,/etc/apparmor.d/abstractions/apparmor_api/introspect,[root],host filesystem copy,487,487 B,
[root]/etc/apparmor.d/abstractions/apparmor_api/is_enabled,/etc/apparmor.d/abstractions/apparmor_api/is_enabled,[root],host filesystem copy,642,642 B,
[root]/etc/apparmor.d/abstractions/aspell,/etc/apparmor.d/abstractions/aspell,[root],host filesystem copy,321,321 B,
[root]/etc/apparmor.d/abstractions/audio,/etc/apparmor.d/abstractions/audio,[root],host filesystem copy,1842,1.8 KB,
[root]/etc/apparmor.d/abstractions/authentication,/etc/apparmor.d/abstractions/authentication,[root],host filesystem copy,1637,1.6 KB,
[root]/etc/apparmor.d/abstractions/base,/etc/apparmor.d/abstractions/base,[root],host filesystem copy,6519,6.4 KB,
[root]/etc/apparmor.d/abstractions/bash,/etc/apparmor.d/abstractions/bash,[root],host filesystem copy,1556,1.5 KB,
[root]/etc/apparmor.d/abstractions/consoles,/etc/apparmor.d/abstractions/consoles,[root],host filesystem copy,821,821 B,
[root]/etc/apparmor.d/abstractions/cups-client,/etc/apparmor.d/abstractions/cups-client,[root],host filesystem copy,732,732 B,
[root]/etc/apparmor.d/abstractions/dbus,/etc/apparmor.d/abstractions/dbus,[root],host filesystem copy,609,609 B,
[root]/etc/apparmor.d/abstractions/dbus-accessibility,/etc/apparmor.d/abstractions/dbus-accessibility,[root],host filesystem copy,646,646 B,
[root]/etc/apparmor.d/abstractions/dbus-accessibility-strict,/etc/apparmor.d/abstractions/dbus-accessibility-strict,[root],host filesystem copy,654,654 B,
[root]/etc/apparmor.d/abstractions/dbus-session,/etc/apparmor.d/abstractions/dbus-session,[root],host filesystem copy,655,655 B,
[root]/etc/apparmor.d/abstractions/dbus-session-strict,/etc/apparmor.d/abstractions/dbus-session-strict,[root],host filesystem copy,948,948 B,
[root]/etc/apparmor.d/abstractions/dbus-strict,/etc/apparmor.d/abstractions/dbus-strict,[root],host filesystem copy,696,696 B,
[root]/etc/apparmor.d/abstractions/dconf,/etc/apparmor.d/abstractions/dconf,[root],host filesystem copy,254,254 B,
[root]/etc/apparmor.d/abstractions/dovecot-common,/etc/apparmor.d/abstractions/dovecot-common,[root],host filesystem copy,591,591 B,
[root]/etc/apparmor.d/abstractions/enchant,/etc/apparmor.d/abstractions/enchant,[root],host filesystem copy,2063,2.0 KB,
[root]/etc/apparmor.d/abstractions/fcitx,/etc/apparmor.d/abstractions/fcitx,[root],host filesystem copy,469,469 B,
[root]/etc/apparmor.d/abstractions/fcitx-strict,/etc/apparmor.d/abstractions/fcitx-strict,[root],host filesystem copy,733,733 B,
[root]/etc/apparmor.d/abstractions/fonts,/etc/apparmor.d/abstractions/fonts,[root],host filesystem copy,2038,2.0 KB,
[root]/etc/apparmor.d/abstractions/freedesktop.org,/etc/apparmor.d/abstractions/freedesktop.org,[root],host filesystem copy,2481,2.4 KB,
[root]/etc/apparmor.d/abstractions/gnome,/etc/apparmor.d/abstractions/gnome,[root],host filesystem copy,3487,3.4 KB,
[root]/etc/apparmor.d/abstractions/gnupg,/etc/apparmor.d/abstractions/gnupg,[root],host filesystem copy,367,367 B,
[root]/etc/apparmor.d/abstractions/ibus,/etc/apparmor.d/abstractions/ibus,[root],host filesystem copy,659,659 B,
[root]/etc/apparmor.d/abstractions/kde,/etc/apparmor.d/abstractions/kde,[root],host filesystem copy,2129,2.1 KB,
[root]/etc/apparmor.d/abstractions/kerberosclient,/etc/apparmor.d/abstractions/kerberosclient,[root],host filesystem copy,1135,1.1 KB,
[root]/etc/apparmor.d/abstractions/launchpad-integration,/etc/apparmor.d/abstractions/launchpad-integration,[root],host filesystem copy,852,852 B,
[root]/etc/apparmor.d/abstractions/ldapclient,/etc/apparmor.d/abstractions/ldapclient,[root],host filesystem copy,707,707 B,
[root]/etc/apparmor.d/abstractions/libpam-systemd,/etc/apparmor.d/abstractions/libpam-systemd,[root],host filesystem copy,678,678 B,
[root]/etc/apparmor.d/abstractions/likewise,/etc/apparmor.d/abstractions/likewise,[root],host filesystem copy,502,502 B,
[root]/etc/apparmor.d/abstractions/lxc/container-base,/etc/apparmor.d/abstractions/lxc/container-base,[root],host filesystem copy,8409,8.2 KB,
[root]/etc/apparmor.d/abstractions/lxc/start-container,/etc/apparmor.d/abstractions/lxc/start-container,[root],host filesystem copy,1566,1.5 KB,
[root]/etc/apparmor.d/abstractions/mdns,/etc/apparmor.d/abstractions/mdns,[root],host filesystem copy,449,449 B,
[root]/etc/apparmor.d/abstractions/mir,/etc/apparmor.d/abstractions/mir,[root],host filesystem copy,610,610 B,
[root]/etc/apparmor.d/abstractions/mozc,/etc/apparmor.d/abstractions/mozc,[root],host filesystem copy,483,483 B,
[root]/etc/apparmor.d/abstractions/mysql,/etc/apparmor.d/abstractions/mysql,[root],host filesystem copy,656,656 B,
[root]/etc/apparmor.d/abstractions/nameservice,/etc/apparmor.d/abstractions/nameservice,[root],host filesystem copy,3958,3.9 KB,
[root]/etc/apparmor.d/abstractions/nis,/etc/apparmor.d/abstractions/nis,[root],host filesystem copy,539,539 B,
[root]/etc/apparmor.d/abstractions/nvidia,/etc/apparmor.d/abstractions/nvidia,[root],host filesystem copy,542,542 B,
[root]/etc/apparmor.d/abstractions/openssl,/etc/apparmor.d/abstractions/openssl,[root],host filesystem copy,484,484 B,
[root]/etc/apparmor.d/abstractions/orbit2,/etc/apparmor.d/abstractions/orbit2,[root],host filesystem copy,98,98 B,
[root]/etc/apparmor.d/abstractions/p11-kit,/etc/apparmor.d/abstractions/p11-kit,[root],host filesystem copy,926,926 B,
[root]/etc/apparmor.d/abstractions/perl,/etc/apparmor.d/abstractions/perl,[root],host filesystem copy,895,895 B,
[root]/etc/apparmor.d/abstractions/php,/etc/apparmor.d/abstractions/php,[root],host filesystem copy,1010,1010 B,
[root]/etc/apparmor.d/abstractions/php5,/etc/apparmor.d/abstractions/php5,[root],host filesystem copy,108,108 B,
[root]/etc/apparmor.d/abstractions/postfix-common,/etc/apparmor.d/abstractions/postfix-common,[root],host filesystem copy,1141,1.1 KB,
[root]/etc/apparmor.d/abstractions/private-files,/etc/apparmor.d/abstractions/private-files,[root],host filesystem copy,1565,1.5 KB,
[root]/etc/apparmor.d/abstractions/private-files-strict,/etc/apparmor.d/abstractions/private-files-strict,[root],host filesystem copy,1030,1.0 KB,
[root]/etc/apparmor.d/abstractions/python,/etc/apparmor.d/abstractions/python,[root],host filesystem copy,1578,1.5 KB,
[root]/etc/apparmor.d/abstractions/ruby,/etc/apparmor.d/abstractions/ruby,[root],host filesystem copy,927,927 B,
[root]/etc/apparmor.d/abstractions/samba,/etc/apparmor.d/abstractions/samba,[root],host filesystem copy,861,861 B,
[root]/etc/apparmor.d/abstractions/smbpass,/etc/apparmor.d/abstractions/smbpass,[root],host filesystem copy,489,489 B,
[root]/etc/apparmor.d/abstractions/ssl_certs,/etc/apparmor.d/abstractions/ssl_certs,[root],host filesystem copy,953,953 B,
[root]/etc/apparmor.d/abstractions/ssl_keys,/etc/apparmor.d/abstractions/ssl_keys,[root],host filesystem copy,672,672 B,
[root]/etc/apparmor.d/abstractions/svn-repositories,/etc/apparmor.d/abstractions/svn-repositories,[root],host filesystem copy,1698,1.7 KB,
[root]/etc/apparmor.d/abstractions/ubuntu-bittorrent-clients,/etc/apparmor.d/abstractions/ubuntu-bittorrent-clients,[root],host filesystem copy,715,715 B,
[root]/etc/apparmor.d/abstractions/ubuntu-browsers,/etc/apparmor.d/abstractions/ubuntu-browsers,[root],host filesystem copy,1699,1.7 KB,
[root]/etc/apparmor.d/abstractions/ubuntu-browsers.d/java,/etc/apparmor.d/abstractions/ubuntu-browsers.d/java,[root],host filesystem copy,3997,3.9 KB,
[root]/etc/apparmor.d/abstractions/ubuntu-browsers.d/kde,/etc/apparmor.d/abstractions/ubuntu-browsers.d/kde,[root],host filesystem copy,255,255 B,
[root]/etc/apparmor.d/abstractions/ubuntu-browsers.d/mailto,/etc/apparmor.d/abstractions/ubuntu-browsers.d/mailto,[root],host filesystem copy,333,333 B,
[root]/etc/apparmor.d/abstractions/ubuntu-browsers.d/multimedia,/etc/apparmor.d/abstractions/ubuntu-browsers.d/multimedia,[root],host filesystem copy,1836,1.8 KB,
[root]/etc/apparmor.d/abstractions/ubuntu-browsers.d/plugins-common,/etc/apparmor.d/abstractions/ubuntu-browsers.d/plugins-common,[root],host filesystem copy,350,350 B,
[root]/etc/apparmor.d/abstractions/ubuntu-browsers.d/productivity,/etc/apparmor.d/abstractions/ubuntu-browsers.d/productivity,[root],host filesystem copy,1021,1021 B,
[root]/etc/apparmor.d/abstractions/ubuntu-browsers.d/text-editors,/etc/apparmor.d/abstractions/ubuntu-browsers.d/text-editors,[root],host filesystem copy,668,668 B,
[root]/etc/apparmor.d/abstractions/ubuntu-browsers.d/ubuntu-integration,/etc/apparmor.d/abstractions/ubuntu-browsers.d/ubuntu-integration,[root],host filesystem copy,1471,1.4 KB,
[root]/etc/apparmor.d/abstractions/ubuntu-browsers.d/ubuntu-integration-xul,/etc/apparmor.d/abstractions/ubuntu-browsers.d/ubuntu-integration-xul,[root],host filesystem copy,174,174 B,
[root]/etc/apparmor.d/abstractions/ubuntu-browsers.d/user-files,/etc/apparmor.d/abstractions/ubuntu-browsers.d/user-files,[root],host filesystem copy,890,890 B,
[root]/etc/apparmor.d/abstractions/ubuntu-console-browsers,/etc/apparmor.d/abstractions/ubuntu-console-browsers,[root],host filesystem copy,629,629 B,
[root]/etc/apparmor.d/abstractions/ubuntu-console-email,/etc/apparmor.d/abstractions/ubuntu-console-email,[root],host filesystem copy,619,619 B,
[root]/etc/apparmor.d/abstractions/ubuntu-email,/etc/apparmor.d/abstractions/ubuntu-email,[root],host filesystem copy,926,926 B,
[root]/etc/apparmor.d/abstractions/ubuntu-feed-readers,/etc/apparmor.d/abstractions/ubuntu-feed-readers,[root],host filesystem copy,349,349 B,
[root]/etc/apparmor.d/abstractions/ubuntu-gnome-terminal,/etc/apparmor.d/abstractions/ubuntu-gnome-terminal,[root],host filesystem copy,192,192 B,
[root]/etc/apparmor.d/abstractions/ubuntu-helpers,/etc/apparmor.d/abstractions/ubuntu-helpers,[root],host filesystem copy,3513,3.4 KB,
[root]/etc/apparmor.d/abstractions/ubuntu-konsole,/etc/apparmor.d/abstractions/ubuntu-konsole,[root],host filesystem copy,360,360 B,
[root]/etc/apparmor.d/abstractions/ubuntu-media-players,/etc/apparmor.d/abstractions/ubuntu-media-players,[root],host filesystem copy,2294,2.2 KB,
[root]/etc/apparmor.d/abstractions/ubuntu-unity7-base,/etc/apparmor.d/abstractions/ubuntu-unity7-base,[root],host filesystem copy,2545,2.5 KB,
[root]/etc/apparmor.d/abstractions/ubuntu-unity7-launcher,/etc/apparmor.d/abstractions/ubuntu-unity7-launcher,[root],host filesystem copy,198,198 B,
[root]/etc/apparmor.d/abstractions/ubuntu-unity7-messaging,/etc/apparmor.d/abstractions/ubuntu-unity7-messaging,[root],host filesystem copy,199,199 B,
[root]/etc/apparmor.d/abstractions/ubuntu-xterm,/etc/apparmor.d/abstractions/ubuntu-xterm,[root],host filesystem copy,250,250 B,
[root]/etc/apparmor.d/abstractions/user-download,/etc/apparmor.d/abstractions/user-download,[root],host filesystem copy,900,900 B,
[root]/etc/apparmor.d/abstractions/user-mail,/etc/apparmor.d/abstractions/user-mail,[root],host filesystem copy,860,860 B,
[root]/etc/apparmor.d/abstractions/user-manpages,/etc/apparmor.d/abstractions/user-manpages,[root],host filesystem copy,913,913 B,
[root]/etc/apparmor.d/abstractions/user-tmp,/etc/apparmor.d/abstractions/user-tmp,[root],host filesystem copy,674,674 B,
[root]/etc/apparmor.d/abstractions/user-write,/etc/apparmor.d/abstractions/user-write,[root],host filesystem copy,885,885 B,
[root]/etc/apparmor.d/abstractions/video,/etc/apparmor.d/abstractions/video,[root],host filesystem copy,129,129 B,
[root]/etc/apparmor.d/abstractions/wayland,/etc/apparmor.d/abstractions/wayland,[root],host filesystem copy,594,594 B,
[root]/etc/apparmor.d/abstractions/web-data,/etc/apparmor.d/abstractions/web-data,[root],host filesystem copy,730,730 B,
[root]/etc/apparmor.d/abstractions/winbind,/etc/apparmor.d/abstractions/winbind,[root],host filesystem copy,760,760 B,
[root]/etc/apparmor.d/abstractions/wutmp,/etc/apparmor.d/abstractions/wutmp,[root],host filesystem copy,601,601 B,
[root]/etc/apparmor.d/abstractions/xad,/etc/apparmor.d/abstractions/xad,[root],host filesystem copy,908,908 B,
[root]/etc/apparmor.d/abstractions/xdg-desktop,/etc/apparmor.d/abstractions/xdg-desktop,[root],host filesystem copy,697,697 B,
[root]/etc/apparmor.d/cache/.features,/etc/apparmor.d/cache/.features,[root],host filesystem copy,1991,1.9 KB,
[root]/etc/apparmor.d/cache/lxc-containers,/etc/apparmor.d/cache/lxc-containers,[root],host filesystem copy,123268,120.4 KB,
[root]/etc/apparmor.d/cache/sbin.dhclient,/etc/apparmor.d/cache/sbin.dhclient,[root],host filesystem copy,118596,115.8 KB,
[root]/etc/apparmor.d/cache/usr.bin.lxc-start,/etc/apparmor.d/cache/usr.bin.lxc-start,[root],host filesystem copy,8769,8.6 KB,
[root]/etc/apparmor.d/cache/usr.bin.man,/etc/apparmor.d/cache/usr.bin.man,[root],host filesystem copy,43828,42.8 KB,
[root]/etc/apparmor.d/cache/usr.lib.snapd.snap-confine.real,/etc/apparmor.d/cache/usr.lib.snapd.snap-confine.real,[root],host filesystem copy,79770,77.9 KB,
[root]/etc/apparmor.d/cache/usr.sbin.tcpdump,/etc/apparmor.d/cache/usr.sbin.tcpdump,[root],host filesystem copy,60857,59.4 KB,
[root]/etc/apparmor.d/local/README,/etc/apparmor.d/local/README,[root],host filesystem copy,1135,1.1 KB,ETC_CONFIGS
[root]/etc/apparmor.d/local/sbin.dhclient,/etc/apparmor.d/local/sbin.dhclient,[root],host filesystem copy,0,0 B,ETC_CONFIGS
[root]/etc/apparmor.d/local/usr.bin.lxc-start,/etc/apparmor.d/local/usr.bin.lxc-start,[root],host filesystem copy,0,0 B,ETC_CONFIGS
[root]/etc/apparmor.d/local/usr.bin.man,/etc/apparmor.d/local/usr.bin.man,[root],host filesystem copy,0,0 B,ETC_CONFIGS
[root]/etc/apparmor.d/local/usr.lib.snapd.snap-confine.real,/etc/apparmor.d/local/usr.lib.snapd.snap-confine.real,[root],host filesystem copy,0,0 B,ETC_CONFIGS
[root]/etc/apparmor.d/local/usr.sbin.rsyslogd,/etc/apparmor.d/local/usr.sbin.rsyslogd,[root],host filesystem copy,0,0 B,ETC_CONFIGS
[root]/etc/apparmor.d/local/usr.sbin.tcpdump,/etc/apparmor.d/local/usr.sbin.tcpdump,[root],host filesystem copy,0,0 B,ETC_CONFIGS
[root]/etc/apparmor.d/lxc-containers,/etc/apparmor.d/lxc-containers,[root],host filesystem copy,205,205 B,MAC_POLICY
[root]/etc/apparmor.d/lxc/lxc-default,/etc/apparmor.d/lxc/lxc-default,[root],host filesystem copy,490,490 B,MAC_POLICY
[root]/etc/apparmor.d/lxc/lxc-default-cgns,/etc/apparmor.d/lxc/lxc-default-cgns,[root],host filesystem copy,586,586 B,MAC_POLICY
[root]/etc/apparmor.d/lxc/lxc-default-with-mounting,/etc/apparmor.d/lxc/lxc-default-with-mounting,[root],host filesystem copy,558,558 B,MAC_POLICY
[root]/etc/apparmor.d/lxc/lxc-default-with-nesting,/etc/apparmor.d/lxc/lxc-default-with-nesting,[root],host filesystem copy,587,587 B,MAC_POLICY
[root]/etc/apparmor.d/sbin.dhclient,/etc/apparmor.d/sbin.dhclient,[root],host filesystem copy,3299,3.2 KB,MAC_POLICY
[root]/etc/apparmor.d/tunables/alias,/etc/apparmor.d/tunables/alias,[root],host filesystem copy,640,640 B,
[root]/etc/apparmor.d/tunables/apparmorfs,/etc/apparmor.d/tunables/apparmorfs,[root],host filesystem copy,387,387 B,
[root]/etc/apparmor.d/tunables/dovecot,/etc/apparmor.d/tunables/dovecot,[root],host filesystem copy,824,824 B,
[root]/etc/apparmor.d/tunables/global,/etc/apparmor.d/tunables/global,[root],host filesystem copy,714,714 B,
[root]/etc/apparmor.d/tunables/home,/etc/apparmor.d/tunables/home,[root],host filesystem copy,1008,1008 B,
[root]/etc/apparmor.d/tunables/home.d/site.local,/etc/apparmor.d/tunables/home.d/site.local,[root],host filesystem copy,647,647 B,
[root]/etc/apparmor.d/tunables/home.d/ubuntu,/etc/apparmor.d/tunables/home.d/ubuntu,[root],host filesystem copy,344,344 B,
[root]/etc/apparmor.d/tunables/kernelvars,/etc/apparmor.d/tunables/kernelvars,[root],host filesystem copy,850,850 B,
[root]/etc/apparmor.d/tunables/multiarch,/etc/apparmor.d/tunables/multiarch,[root],host filesystem copy,648,648 B,
[root]/etc/apparmor.d/tunables/multiarch.d/site.local,/etc/apparmor.d/tunables/multiarch.d/site.local,[root],host filesystem copy,659,659 B,
[root]/etc/apparmor.d/tunables/proc,/etc/apparmor.d/tunables/proc,[root],host filesystem copy,452,452 B,
[root]/etc/apparmor.d/tunables/securityfs,/etc/apparmor.d/tunables/securityfs,[root],host filesystem copy,442,442 B,
[root]/etc/apparmor.d/tunables/sys,/etc/apparmor.d/tunables/sys,[root],host filesystem copy,378,378 B,
[root]/etc/apparmor.d/tunables/xdg-user-dirs,/etc/apparmor.d/tunables/xdg-user-dirs,[root],host filesystem copy,892,892 B,
[root]/etc/apparmor.d/tunables/xdg-user-dirs.d/site.local,/etc/apparmor.d/tunables/xdg-user-dirs.d/site.local,[root],host filesystem copy,751,751 B,
[root]/etc/apparmor.d/usr.bin.lxc-start,/etc/apparmor.d/usr.bin.lxc-start,[root],host filesystem copy,130,130 B,MAC_POLICY
[root]/etc/apparmor.d/usr.bin.man,/etc/apparmor.d/usr.bin.man,[root],host filesystem copy,2952,2.9 KB,MAC_POLICY
[root]/etc/apparmor.d/usr.lib.snapd.snap-confine.real,/etc/apparmor.d/usr.lib.snapd.snap-confine.real,[root],host filesystem copy,27494,26.8 KB,MAC_POLICY
[root]/etc/apparmor.d/usr.sbin.rsyslogd,/etc/apparmor.d/usr.sbin.rsyslogd,[root],host filesystem copy,1608,1.6 KB,MAC_POLICY
[root]/etc/apparmor.d/usr.sbin.tcpdump,/etc/apparmor.d/usr.sbin.tcpdump,[root],host filesystem copy,1416,1.4 KB,MAC_POLICY
[root]/etc/apparmor/parser.conf,/etc/apparmor/parser.conf,[root],host filesystem copy,1537,1.5 KB,ETC_CONFIGS
[root]/etc/apparmor/subdomain.conf,/etc/apparmor/subdomain.conf,[root],host filesystem copy,2015,2.0 KB,ETC_CONFIGS
[root]/etc/apport/blacklist.d/README.blacklist,/etc/apport/blacklist.d/README.blacklist,[root],host filesystem copy,221,221 B,
[root]/etc/apport/blacklist.d/apport,/etc/apport/blacklist.d/apport,[root],host filesystem copy,25,25 B,
[root]/etc/apport/crashdb.conf,/etc/apport/crashdb.conf,[root],host filesystem copy,1254,1.2 KB,
[root]/etc/apt/apt.conf.d/01-vendor-ubuntu,/etc/apt/apt.conf.d/01-vendor-ubuntu,[root],host filesystem copy,43,43 B,INIT_AND_PROFILE
[root]/etc/apt/apt.conf.d/01autoremove,/etc/apt/apt.conf.d/01autoremove,[root],host filesystem copy,1077,1.1 KB,INIT_AND_PROFILE
[root]/etc/apt/apt.conf.d/01autoremove-kernels,/etc/apt/apt.conf.d/01autoremove-kernels,[root],host filesystem copy,4026,3.9 KB,INIT_AND_PROFILE
[root]/etc/apt/apt.conf.d/10periodic,/etc/apt/apt.conf.d/10periodic,[root],host filesystem copy,132,132 B,INIT_AND_PROFILE
[root]/etc/apt/apt.conf.d/15update-stamp,/etc/apt/apt.conf.d/15update-stamp,[root],host filesystem copy,109,109 B,INIT_AND_PROFILE
[root]/etc/apt/apt.conf.d/20apt-esm-hook.conf,/etc/apt/apt.conf.d/20apt-esm-hook.conf,[root],host filesystem copy,619,619 B,INIT_AND_PROFILE
[root]/etc/apt/apt.conf.d/20archive,/etc/apt/apt.conf.d/20archive,[root],host filesystem copy,88,88 B,INIT_AND_PROFILE
[root]/etc/apt/apt.conf.d/20auto-upgrades,/etc/apt/apt.conf.d/20auto-upgrades,[root],host filesystem copy,82,82 B,INIT_AND_PROFILE
[root]/etc/apt/apt.conf.d/20snapd.conf,/etc/apt/apt.conf.d/20snapd.conf,[root],host filesystem copy,115,115 B,INIT_AND_PROFILE
[root]/etc/apt/apt.conf.d/50command-not-found,/etc/apt/apt.conf.d/50command-not-found,[root],host filesystem copy,641,641 B,INIT_AND_PROFILE
[root]/etc/apt/apt.conf.d/50unattended-upgrades,/etc/apt/apt.conf.d/50unattended-upgrades,[root],host filesystem copy,3892,3.8 KB,INIT_AND_PROFILE
[root]/etc/apt/apt.conf.d/70debconf,/etc/apt/apt.conf.d/70debconf,[root],host filesystem copy,185,185 B,INIT_AND_PROFILE
[root]/etc/apt/apt.conf.d/99update-notifier,/etc/apt/apt.conf.d/99update-notifier,[root],host filesystem copy,307,307 B,INIT_AND_PROFILE
[root]/etc/apt/sources.list,/etc/apt/sources.list,[root],host filesystem copy,3297,3.2 KB,ETC_CONFIGS
[root]/etc/apt/sources.list.d/elastic-7.x.list,/etc/apt/sources.list.d/elastic-7.x.list,[root],host filesystem copy,67,67 B,ETC_CONFIGS
[root]/etc/apt/trusted.gpg,/etc/apt/trusted.gpg,[root],host filesystem copy,1220,1.2 KB,
[root]/etc/apt/trusted.gpg.d/ubuntu-keyring-2012-archive.gpg,/etc/apt/trusted.gpg.d/ubuntu-keyring-2012-archive.gpg,[root],host filesystem copy,2796,2.7 KB,
[root]/etc/apt/trusted.gpg.d/ubuntu-keyring-2012-cdimage.gpg,/etc/apt/trusted.gpg.d/ubuntu-keyring-2012-cdimage.gpg,[root],host filesystem copy,2794,2.7 KB,
[root]/etc/apt/trusted.gpg.d/ubuntu-keyring-2018-archive.gpg,/etc/apt/trusted.gpg.d/ubuntu-keyring-2018-archive.gpg,[root],host filesystem copy,1733,1.7 KB,
[root]/etc/at.deny,/etc/at.deny,[root],host filesystem copy,168,168 B,CRON; ETC_CONFIGS
[root]/etc/audisp/plugins.d/auoms.conf,/etc/audisp/plugins.d/auoms.conf,[root],host filesystem copy,160,160 B,ETC_CONFIGS
[root]/etc/audit/plugins.d/auoms.conf,/etc/audit/plugins.d/auoms.conf,[root],host filesystem copy,160,160 B,ETC_CONFIGS
[root]/etc/bash.bashrc,/etc/bash.bashrc,[root],host filesystem copy,2390,2.3 KB,INIT_AND_PROFILE
[root]/etc/bash_completion,/etc/bash_completion,[root],host filesystem copy,46,46 B,ETC_CONFIGS
[root]/etc/bash_completion.d/apport_completion,/etc/bash_completion.d/apport_completion,[root],host filesystem copy,6904,6.7 KB,ETC_CONFIGS
[root]/etc/bash_completion.d/git-prompt,/etc/bash_completion.d/git-prompt,[root],host filesystem copy,450,450 B,ETC_CONFIGS
[root]/etc/bash_completion.d/grub,/etc/bash_completion.d/grub,[root],host filesystem copy,11639,11.4 KB,ETC_CONFIGS
[root]/etc/bindresvport.blacklist,/etc/bindresvport.blacklist,[root],host filesystem copy,382,382 B,
[root]/etc/byobu/backend,/etc/byobu/backend,[root],host filesystem copy,228,228 B,
[root]/etc/byobu/socketdir,/etc/byobu/socketdir,[root],host filesystem copy,467,467 B,
[root]/etc/ca-certificates.conf,/etc/ca-certificates.conf,[root],host filesystem copy,7009,6.8 KB,
[root]/etc/ca-certificates.conf.dpkg-old,/etc/ca-certificates.conf.dpkg-old,[root],host filesystem copy,6042,5.9 KB,
[root]/etc/calendar/default,/etc/calendar/default,[root],host filesystem copy,627,627 B,
[root]/etc/cloud/build.info,/etc/cloud/build.info,[root],host filesystem copy,38,38 B,ETC_CONFIGS
[root]/etc/cloud/cloud.cfg,/etc/cloud/cloud.cfg,[root],host filesystem copy,3839,3.7 KB,ETC_CONFIGS
[root]/etc/cloud/cloud.cfg.d/05_logging.cfg,/etc/cloud/cloud.cfg.d/05_logging.cfg,[root],host filesystem copy,2141,2.1 KB,ETC_CONFIGS
[root]/etc/cloud/cloud.cfg.d/10-azure-kvp.cfg,/etc/cloud/cloud.cfg.d/10-azure-kvp.cfg,[root],host filesystem copy,149,149 B,ETC_CONFIGS
[root]/etc/cloud/cloud.cfg.d/90-azure.cfg,/etc/cloud/cloud.cfg.d/90-azure.cfg,[root],host filesystem copy,550,550 B,ETC_CONFIGS
[root]/etc/cloud/cloud.cfg.d/90_dpkg.cfg,/etc/cloud/cloud.cfg.d/90_dpkg.cfg,[root],host filesystem copy,84,84 B,ETC_CONFIGS
[root]/etc/cloud/cloud.cfg.d/README,/etc/cloud/cloud.cfg.d/README,[root],host filesystem copy,170,170 B,ETC_CONFIGS
[root]/etc/cloud/templates/chef_client.rb.tmpl,/etc/cloud/templates/chef_client.rb.tmpl,[root],host filesystem copy,1731,1.7 KB,
[root]/etc/cloud/templates/chrony.conf.alpine.tmpl,/etc/cloud/templates/chrony.conf.alpine.tmpl,[root],host filesystem copy,1151,1.1 KB,
[root]/etc/cloud/templates/chrony.conf.debian.tmpl,/etc/cloud/templates/chrony.conf.debian.tmpl,[root],host filesystem copy,1150,1.1 KB,
[root]/etc/cloud/templates/chrony.conf.fedora.tmpl,/etc/cloud/templates/chrony.conf.fedora.tmpl,[root],host filesystem copy,1317,1.3 KB,
[root]/etc/cloud/templates/chrony.conf.opensuse.tmpl,/etc/cloud/templates/chrony.conf.opensuse.tmpl,[root],host filesystem copy,1029,1.0 KB,
[root]/etc/cloud/templates/chrony.conf.photon.tmpl,/etc/cloud/templates/chrony.conf.photon.tmpl,[root],host filesystem copy,1317,1.3 KB,
[root]/etc/cloud/templates/chrony.conf.rhel.tmpl,/etc/cloud/templates/chrony.conf.rhel.tmpl,[root],host filesystem copy,1226,1.2 KB,
[root]/etc/cloud/templates/chrony.conf.sles.tmpl,/etc/cloud/templates/chrony.conf.sles.tmpl,[root],host filesystem copy,1029,1.0 KB,
[root]/etc/cloud/templates/chrony.conf.ubuntu.tmpl,/etc/cloud/templates/chrony.conf.ubuntu.tmpl,[root],host filesystem copy,1322,1.3 KB,
[root]/etc/cloud/templates/hosts.alpine.tmpl,/etc/cloud/templates/hosts.alpine.tmpl,[root],host filesystem copy,1013,1013 B,
[root]/etc/cloud/templates/hosts.debian.tmpl,/etc/cloud/templates/hosts.debian.tmpl,[root],host filesystem copy,927,927 B,
[root]/etc/cloud/templates/hosts.freebsd.tmpl,/etc/cloud/templates/hosts.freebsd.tmpl,[root],host filesystem copy,934,934 B,
[root]/etc/cloud/templates/hosts.photon.tmpl,/etc/cloud/templates/hosts.photon.tmpl,[root],host filesystem copy,896,896 B,
[root]/etc/cloud/templates/hosts.redhat.tmpl,/etc/cloud/templates/hosts.redhat.tmpl,[root],host filesystem copy,936,936 B,
[root]/etc/cloud/templates/hosts.suse.tmpl,/etc/cloud/templates/hosts.suse.tmpl,[root],host filesystem copy,1099,1.1 KB,
[root]/etc/cloud/templates/ntp.conf.alpine.tmpl,/etc/cloud/templates/ntp.conf.alpine.tmpl,[root],host filesystem copy,213,213 B,
[root]/etc/cloud/templates/ntp.conf.debian.tmpl,/etc/cloud/templates/ntp.conf.debian.tmpl,[root],host filesystem copy,2214,2.2 KB,
[root]/etc/cloud/templates/ntp.conf.fedora.tmpl,/etc/cloud/templates/ntp.conf.fedora.tmpl,[root],host filesystem copy,2140,2.1 KB,
[root]/etc/cloud/templates/ntp.conf.opensuse.tmpl,/etc/cloud/templates/ntp.conf.opensuse.tmpl,[root],host filesystem copy,2843,2.8 KB,
[root]/etc/cloud/templates/ntp.conf.photon.tmpl,/etc/cloud/templates/ntp.conf.photon.tmpl,[root],host filesystem copy,1911,1.9 KB,
[root]/etc/cloud/templates/ntp.conf.rhel.tmpl,/etc/cloud/templates/ntp.conf.rhel.tmpl,[root],host filesystem copy,1913,1.9 KB,
[root]/etc/cloud/templates/ntp.conf.sles.tmpl,/etc/cloud/templates/ntp.conf.sles.tmpl,[root],host filesystem copy,2843,2.8 KB,
[root]/etc/cloud/templates/ntp.conf.ubuntu.tmpl,/etc/cloud/templates/ntp.conf.ubuntu.tmpl,[root],host filesystem copy,2584,2.5 KB,
[root]/etc/cloud/templates/resolv.conf.tmpl,/etc/cloud/templates/resolv.conf.tmpl,[root],host filesystem copy,959,959 B,
[root]/etc/cloud/templates/sources.list.debian.tmpl,/etc/cloud/templates/sources.list.debian.tmpl,[root],host filesystem copy,1325,1.3 KB,
[root]/etc/cloud/templates/sources.list.ubuntu.tmpl,/etc/cloud/templates/sources.list.ubuntu.tmpl,[root],host filesystem copy,2916,2.8 KB,
[root]/etc/cloud/templates/systemd.resolved.conf.tmpl,/etc/cloud/templates/systemd.resolved.conf.tmpl,[root],host filesystem copy,519,519 B,
[root]/etc/cloud/templates/timesyncd.conf.tmpl,/etc/cloud/templates/timesyncd.conf.tmpl,[root],host filesystem copy,211,211 B,
[root]/etc/console-setup/ISO-8859-1.acm,/etc/console-setup/ISO-8859-1.acm,[root],host filesystem copy,1584,1.5 KB,
[root]/etc/console-setup/Uni2-Fixed16.psf.gz,/etc/console-setup/Uni2-Fixed16.psf.gz,[root],host filesystem copy,4147,4.0 KB,
[root]/etc/console-setup/cached_ISO-8859-1.acm.gz,/etc/console-setup/cached_ISO-8859-1.acm.gz,[root],host filesystem copy,658,658 B,
[root]/etc/console-setup/cached_ISO-8859-1_del.kmap.gz,/etc/console-setup/cached_ISO-8859-1_del.kmap.gz,[root],host filesystem copy,3402,3.3 KB,
[root]/etc/console-setup/cached_UTF-8_del.kmap.gz,/etc/console-setup/cached_UTF-8_del.kmap.gz,[root],host filesystem copy,4024,3.9 KB,
[root]/etc/console-setup/cached_Uni2-Fixed16.psf.gz,/etc/console-setup/cached_Uni2-Fixed16.psf.gz,[root],host filesystem copy,4147,4.0 KB,
[root]/etc/console-setup/cached_setup_font.sh,/etc/console-setup/cached_setup_font.sh,[root],host filesystem copy,476,476 B,
[root]/etc/console-setup/cached_setup_keyboard.sh,/etc/console-setup/cached_setup_keyboard.sh,[root],host filesystem copy,207,207 B,
[root]/etc/console-setup/cached_setup_terminal.sh,/etc/console-setup/cached_setup_terminal.sh,[root],host filesystem copy,78,78 B,
[root]/etc/console-setup/compose.ARMSCII-8.inc,/etc/console-setup/compose.ARMSCII-8.inc,[root],host filesystem copy,35,35 B,
[root]/etc/console-setup/compose.CP1251.inc,/etc/console-setup/compose.CP1251.inc,[root],host filesystem copy,32,32 B,
[root]/etc/console-setup/compose.CP1255.inc,/etc/console-setup/compose.CP1255.inc,[root],host filesystem copy,32,32 B,
[root]/etc/console-setup/compose.CP1256.inc,/etc/console-setup/compose.CP1256.inc,[root],host filesystem copy,32,32 B,
[root]/etc/console-setup/compose.GEORGIAN-ACADEMY.inc,/etc/console-setup/compose.GEORGIAN-ACADEMY.inc,[root],host filesystem copy,42,42 B,
[root]/etc/console-setup/compose.GEORGIAN-PS.inc,/etc/console-setup/compose.GEORGIAN-PS.inc,[root],host filesystem copy,37,37 B,
[root]/etc/console-setup/compose.IBM1133.inc,/etc/console-setup/compose.IBM1133.inc,[root],host filesystem copy,33,33 B,
[root]/etc/console-setup/compose.ISIRI-3342.inc,/etc/console-setup/compose.ISIRI-3342.inc,[root],host filesystem copy,36,36 B,
[root]/etc/console-setup/compose.ISO-8859-1.inc,/etc/console-setup/compose.ISO-8859-1.inc,[root],host filesystem copy,3596,3.5 KB,
[root]/etc/console-setup/compose.ISO-8859-10.inc,/etc/console-setup/compose.ISO-8859-10.inc,[root],host filesystem copy,37,37 B,
[root]/etc/console-setup/compose.ISO-8859-11.inc,/etc/console-setup/compose.ISO-8859-11.inc,[root],host filesystem copy,37,37 B,
[root]/etc/console-setup/compose.ISO-8859-13.inc,/etc/console-setup/compose.ISO-8859-13.inc,[root],host filesystem copy,3737,3.6 KB,
[root]/etc/console-setup/compose.ISO-8859-14.inc,/etc/console-setup/compose.ISO-8859-14.inc,[root],host filesystem copy,3020,2.9 KB,
[root]/etc/console-setup/compose.ISO-8859-15.inc,/etc/console-setup/compose.ISO-8859-15.inc,[root],host filesystem copy,3552,3.5 KB,
[root]/etc/console-setup/compose.ISO-8859-16.inc,/etc/console-setup/compose.ISO-8859-16.inc,[root],host filesystem copy,37,37 B,
[root]/etc/console-setup/compose.ISO-8859-2.inc,/etc/console-setup/compose.ISO-8859-2.inc,[root],host filesystem copy,2893,2.8 KB,
[root]/etc/console-setup/compose.ISO-8859-3.inc,/etc/console-setup/compose.ISO-8859-3.inc,[root],host filesystem copy,3387,3.3 KB,
[root]/etc/console-setup/compose.ISO-8859-4.inc,/etc/console-setup/compose.ISO-8859-4.inc,[root],host filesystem copy,2805,2.7 KB,
[root]/etc/console-setup/compose.ISO-8859-5.inc,/etc/console-setup/compose.ISO-8859-5.inc,[root],host filesystem copy,36,36 B,
[root]/etc/console-setup/compose.ISO-8859-6.inc,/etc/console-setup/compose.ISO-8859-6.inc,[root],host filesystem copy,36,36 B,
[root]/etc/console-setup/compose.ISO-8859-7.inc,/etc/console-setup/compose.ISO-8859-7.inc,[root],host filesystem copy,1217,1.2 KB,
[root]/etc/console-setup/compose.ISO-8859-8.inc,/etc/console-setup/compose.ISO-8859-8.inc,[root],host filesystem copy,36,36 B,
[root]/etc/console-setup/compose.ISO-8859-9.inc,/etc/console-setup/compose.ISO-8859-9.inc,[root],host filesystem copy,3617,3.5 KB,
[root]/etc/console-setup/compose.KOI8-R.inc,/etc/console-setup/compose.KOI8-R.inc,[root],host filesystem copy,32,32 B,
[root]/etc/console-setup/compose.KOI8-U.inc,/etc/console-setup/compose.KOI8-U.inc,[root],host filesystem copy,32,32 B,
[root]/etc/console-setup/compose.TIS-620.inc,/etc/console-setup/compose.TIS-620.inc,[root],host filesystem copy,33,33 B,
[root]/etc/console-setup/compose.VISCII.inc,/etc/console-setup/compose.VISCII.inc,[root],host filesystem copy,32,32 B,
[root]/etc/console-setup/remap.inc,/etc/console-setup/remap.inc,[root],host filesystem copy,1391,1.4 KB,
[root]/etc/console-setup/vtrgb,/etc/console-setup/vtrgb,[root],host filesystem copy,161,161 B,
[root]/etc/console-setup/vtrgb.vga,/etc/console-setup/vtrgb.vga,[root],host filesystem copy,158,158 B,
[root]/etc/cron.d/.placeholder,/etc/cron.d/.placeholder,[root],host filesystem copy,104,104 B,CRON
[root]/etc/cron.d/OMSConsistencyInvoker,/etc/cron.d/OMSConsistencyInvoker,[root],host filesystem copy,80,80 B,CRON
[root]/etc/cron.d/mdadm,/etc/cron.d/mdadm,[root],host filesystem copy,601,601 B,CRON
[root]/etc/cron.d/omilogrotate,/etc/cron.d/omilogrotate,[root],host filesystem copy,122,122 B,CRON
[root]/etc/cron.d/omsagent,/etc/cron.d/omsagent,[root],host filesystem copy,119,119 B,CRON
[root]/etc/cron.d/popularity-contest,/etc/cron.d/popularity-contest,[root],host filesystem copy,194,194 B,CRON
[root]/etc/cron.d/scxagent,/etc/cron.d/scxagent,[root],host filesystem copy,136,136 B,CRON
[root]/etc/cron.daily/.placeholder,/etc/cron.daily/.placeholder,[root],host filesystem copy,104,104 B,CRON
[root]/etc/cron.daily/apport,/etc/cron.daily/apport,[root],host filesystem copy,381,381 B,CRON
[root]/etc/cron.daily/apt-compat,/etc/cron.daily/apt-compat,[root],host filesystem copy,1533,1.5 KB,CRON
[root]/etc/cron.daily/aptitude,/etc/cron.daily/aptitude,[root],host filesystem copy,325,325 B,CRON
[root]/etc/cron.daily/bsdmainutils,/etc/cron.daily/bsdmainutils,[root],host filesystem copy,371,371 B,CRON
[root]/etc/cron.daily/dpkg,/etc/cron.daily/dpkg,[root],host filesystem copy,1212,1.2 KB,CRON
[root]/etc/cron.daily/logrotate,/etc/cron.daily/logrotate,[root],host filesystem copy,386,386 B,CRON
[root]/etc/cron.daily/man-db,/etc/cron.daily/man-db,[root],host filesystem copy,1103,1.1 KB,CRON
[root]/etc/cron.daily/mdadm,/etc/cron.daily/mdadm,[root],host filesystem copy,557,557 B,CRON
[root]/etc/cron.daily/mlocate,/etc/cron.daily/mlocate,[root],host filesystem copy,565,565 B,CRON
[root]/etc/cron.daily/passwd,/etc/cron.daily/passwd,[root],host filesystem copy,258,258 B,CRON
