pid,ppid,parent,user,uid,gid,state,comm,exe,exe_source,exe_deleted,cwd,cmdline,start_utc,elapsed,cpu_pct,mem_pct,rss_kb,vsz_kb,threads,tty,stat,container,cgroup,md5,sha1,fd_count,fd_deleted,fd_sockets,fd_tmpfs,maps_count,maps_nonsystem,ld_preload,env_count,socket_count,listening,peers,open_files,hidden,flags,sources
1,0,,root,,,S,systemd,/lib/systemd/systemd,/proc/<pid>/exe link,,/,/sbin/init,2021-10-09 15:06:07,60-03:45:25,0.0,0.4,3868,78048,,?,Ss,,,ac8b27ce6641cba4ed2c5e762f041986,2214cfdf087d2748ef060fd24400fd9abe8432a0,80,0,66,0,130,,,10,38,/run/acpid.socket /run/lvm/lvmetad.socket /run/lvm/lvmpolld.socket /run/snapd-snap.socket /run/snapd.socket /run/systemd/fsck.progress /run/systemd/journal/stdout /run/systemd/private /run/udev/control /run/uuidd/request /var/lib/lxd/unix.socket /var/run/dbus/system_bus_socket @ISCSIADM_ABSTRACT_NAMESPACE,14759 14763 16269 17776 17991 19291 19295 19512 19941 20603 21550 46449982 49272833 49272834 733290 84559942,110,,,"/proc, hash_running_processes, lsof, ps, ps_auxwww, ps_efl, ps_etime, ss, top"
2,0,,root,,,S,kthreadd,,,,/,[kthreadd],2021-10-09 15:06:07,60-03:45:25,0.0,0.0,0,0,,?,S,,,,,,,,,,,,,,,,2,,,"/proc, lsof, ps, ps_auxwww, ps_efl, ps_etime, top"
3,2,kthreadd,root,,,I,rcu_gp,,,,/,[rcu_gp],2021-10-09 15:06:07,60-03:45:25,0.0,0.0,0,0,,?,I<,,,,,,,,,,,,,,,,2,,,"/proc, lsof, ps, ps_auxwww, ps_efl, ps_etime, top"
4,2,kthreadd,root,,,I,rcu_par_gp,,,,/,[rcu_par_gp],2021-10-09 15:06:07,60-03:45:25,0.0,0.0,0,0,,?,I<,,,,,,,,,,,,,,,,2,,,"/proc, lsof, ps, ps_auxwww, ps_efl, ps_etime, top"
6,2,kthreadd,root,,,I,kworker/0:0H-kblockd,,,,/,[kworker/0:0H-kb],2021-10-09 15:06:07,60-03:45:25,0.0,0.0,0,0,,?,I<,,,,,,,,,,,,,,,,2,,,"/proc, lsof, ps, ps_auxwww, ps_efl, ps_etime, top"
9,2,kthreadd,root,,,I,mm_percpu_wq,,,,/,[mm_percpu_wq],2021-10-09 15:06:07,60-03:45:25,0.0,0.0,0,0,,?,I<,,,,,,,,,,,,,,,,2,,,"/proc, lsof, ps, ps_auxwww, ps_efl, ps_etime, top"
10,2,kthreadd,root,,,S,ksoftirqd/0,,,,/,[ksoftirqd/0],2021-10-09 15:06:07,60-03:45:25,0.0,0.0,0,0,,?,S,,,,,,,,,,,,,,,,2,,,"/proc, lsof, ps, ps_auxwww, ps_efl, ps_etime, top"
11,2,kthreadd,root,,,I,rcu_sched,,,,/,[rcu_sched],2021-10-09 15:06:07,60-03:45:25,0.0,0.0,0,0,,?,I,,,,,,,,,,,,,,,,2,,,"/proc, lsof, ps, ps_auxwww, ps_efl, ps_etime, top"
12,2,kthreadd,root,,,S,migration/0,,,,/,[migration/0],2021-10-09 15:06:07,60-03:45:25,0.0,0.0,0,0,,?,S,,,,,,,,,,,,,,,,2,,,"/proc, lsof, ps, ps_auxwww, ps_efl, ps_etime, top"
13,2,kthreadd,root,,,S,cpuhp/0,,,,/,[cpuhp/0],2021-10-09 15:06:07,60-03:45:25,0.0,0.0,0,0,,?,S,,,,,,,,,,,,,,,,2,,,"/proc, lsof, ps, ps_auxwww, ps_efl, ps_etime, top"
14,2,kthreadd,root,,,S,kdevtmpfs,,,,/,[kdevtmpfs],2021-10-09 15:06:07,60-03:45:25,0.0,0.0,0,0,,?,S,,,,,,,,,,,,,,,,2,,,"/proc, lsof, ps, ps_auxwww, ps_efl, ps_etime, top"
15,2,kthreadd,root,,,I,netns,,,,/,[netns],2021-10-09 15:06:07,60-03:45:25,0.0,0.0,0,0,,?,I<,,,,,,,,,,,,,,,,2,,,"/proc, lsof, ps, ps_auxwww, ps_efl, ps_etime, top"
16,2,kthreadd,root,,,S,rcu_tasks_kthre,,,,/,[rcu_tasks_kthre],2021-10-09 15:06:07,60-03:45:25,0.0,0.0,0,0,,?,S,,,,,,,,,,,,,,,,2,,,"/proc, lsof, ps, ps_auxwww, ps_efl, ps_etime, top"
17,2,kthreadd,root,,,S,kauditd,,,,/,[kauditd],2021-10-09 15:06:07,60-03:45:25,0.0,0.0,0,0,,?,S,,,,,,,,,,,,,,,,2,,,"/proc, lsof, ps, ps_auxwww, ps_efl, ps_etime, top"
18,2,kthreadd,root,,,S,khungtaskd,,,,/,[khungtaskd],2021-10-09 15:06:07,60-03:45:25,0.0,0.0,0,0,,?,S,,,,,,,,,,,,,,,,2,,,"/proc, lsof, ps, ps_auxwww, ps_efl, ps_etime, top"
19,2,kthreadd,root,,,S,oom_reaper,,,,/,[oom_reaper],2021-10-09 15:06:07,60-03:45:25,0.0,0.0,0,0,,?,S,,,,,,,,,,,,,,,,2,,,"/proc, lsof, ps, ps_auxwww, ps_efl, ps_etime, top"
20,2,kthreadd,root,,,I,writeback,,,,/,[writeback],2021-10-09 15:06:07,60-03:45:25,0.0,0.0,0,0,,?,I<,,,,,,,,,,,,,,,,2,,,"/proc, lsof, ps, ps_auxwww, ps_efl, ps_etime, top"
21,2,kthreadd,root,,,S,kcompactd0,,,,/,[kcompactd0],2021-10-09 15:06:07,60-03:45:25,0.0,0.0,0,0,,?,S,,,,,,,,,,,,,,,,2,,,"/proc, lsof, ps, ps_auxwww, ps_efl, ps_etime, top"
22,2,kthreadd,root,,,S,ksmd,,,,/,[ksmd],2021-10-09 15:06:07,60-03:45:25,0.0,0.0,0,0,,?,SN,,,,,,,,,,,,,,,,2,,,"/proc, lsof, ps, ps_auxwww, ps_efl, ps_etime, top"
23,2,kthreadd,root,,,S,khugepaged,,,,/,[khugepaged],2021-10-09 15:06:07,60-03:45:25,0.0,0.0,0,0,,?,SN,,,,,,,,,,,,,,,,2,,,"/proc, lsof, ps, ps_auxwww, ps_efl, ps_etime, top"
69,2,kthreadd,root,,,I,kintegrityd,,,,/,[kintegrityd],2021-10-09 15:06:07,60-03:45:25,0.0,0.0,0,0,,?,I<,,,,,,,,,,,,,,,,2,,,"/proc, lsof, ps, ps_auxwww, ps_efl, ps_etime, top"
70,2,kthreadd,root,,,I,kblockd,,,,/,[kblockd],2021-10-09 15:06:07,60-03:45:25,0.0,0.0,0,0,,?,I<,,,,,,,,,,,,,,,,2,,,"/proc, lsof, ps, ps_auxwww, ps_efl, ps_etime, top"
71,2,kthreadd,root,,,I,blkcg_punt_bio,,,,/,[blkcg_punt_bio],2021-10-09 15:06:07,60-03:45:25,0.0,0.0,0,0,,?,I<,,,,,,,,,,,,,,,,2,,,"/proc, lsof, ps, ps_auxwww, ps_efl, ps_etime, top"
72,2,kthreadd,root,,,I,tpm_dev_wq,,,,/,[tpm_dev_wq],2021-10-09 15:06:07,60-03:45:25,0.0,0.0,0,0,,?,I<,,,,,,,,,,,,,,,,2,,,"/proc, lsof, ps, ps_auxwww, ps_efl, ps_etime, top"
73,2,kthreadd,root,,,I,ata_sff,,,,/,[ata_sff],2021-10-09 15:06:07,60-03:45:25,0.0,0.0,0,0,,?,I<,,,,,,,,,,,,,,,,2,,,"/proc, lsof, ps, ps_auxwww, ps_efl, ps_etime, top"
74,2,kthreadd,root,,,I,md,,,,/,[md],2021-10-09 15:06:07,60-03:45:25,0.0,0.0,0,0,,?,I<,,,,,,,,,,,,,,,,2,,,"/proc, lsof, ps, ps_auxwww, ps_efl, ps_etime, top"
75,2,kthreadd,root,,,I,edac-poller,,,,/,[edac-poller],2021-10-09 15:06:07,60-03:45:25,0.0,0.0,0,0,,?,I<,,,,,,,,,,,,,,,,2,,,"/proc, lsof, ps, ps_auxwww, ps_efl, ps_etime, top"
76,2,kthreadd,root,,,I,hv_vmbus_con,,,,/,[hv_vmbus_con],2021-10-09 15:06:07,60-03:45:25,0.0,0.0,0,0,,?,I<,,,,,,,,,,,,,,,,2,,,"/proc, lsof, ps, ps_auxwww, ps_efl, ps_etime, top"
77,2,kthreadd,root,,,I,hv_pri_chan,,,,/,[hv_pri_chan],2021-10-09 15:06:07,60-03:45:25,0.0,0.0,0,0,,?,I<,,,,,,,,,,,,,,,,2,,,"/proc, lsof, ps, ps_auxwww, ps_efl, ps_etime, top"
78,2,kthreadd,root,,,I,hv_sub_chan,,,,/,[hv_sub_chan],2021-10-09 15:06:07,60-03:45:25,0.0,0.0,0,0,,?,I<,,,,,,,,,,,,,,,,2,,,"/proc, lsof, ps, ps_auxwww, ps_efl, ps_etime, top"
79,2,kthreadd,root,,,I,devfreq_wq,,,,/,[devfreq_wq],2021-10-09 15:06:07,60-03:45:25,0.0,0.0,0,0,,?,I<,,,,,,,,,,,,,,,,2,,,"/proc, lsof, ps, ps_auxwww, ps_efl, ps_etime, top"
80,2,kthreadd,root,,,S,watchdogd,,,,/,[watchdogd],2021-10-09 15:06:07,60-03:45:25,0.0,0.0,0,0,,?,S,,,,,,,,,,,,,,,,2,,,"/proc, lsof, ps, ps_auxwww, ps_efl, ps_etime, top"
83,2,kthreadd,root,,,S,kswapd0,,,,/,[kswapd0],2021-10-09 15:06:08,60-03:45:24,0.3,0.0,0,0,,?,S,,,,,,,,,,,,,,,,2,,,"/proc, lsof, ps, ps_auxwww, ps_efl, ps_etime, top"
84,2,kthreadd,root,,,S,ecryptfs-kthrea,,,,/,[ecryptfs-kthrea],2021-10-09 15:06:08,60-03:45:24,0.0,0.0,0,0,,?,S,,,,,,,,,,,,,,,,2,,,"/proc, lsof, ps, ps_auxwww, ps_efl, ps_etime, top"
86,2,kthreadd,root,,,I,kthrotld,,,,/,[kthrotld],2021-10-09 15:06:08,60-03:45:24,0.0,0.0,0,0,,?,I<,,,,,,,,,,,,,,,,2,,,"/proc, lsof, ps, ps_auxwww, ps_efl, ps_etime, top"
87,2,kthreadd,root,,,I,nfit,,,,/,[nfit],2021-10-09 15:06:08,60-03:45:24,0.0,0.0,0,0,,?,I<,,,,,,,,,,,,,,,,2,,,"/proc, lsof, ps, ps_auxwww, ps_efl, ps_etime, top"
88,2,kthreadd,root,,,S,scsi_eh_0,,,,/,[scsi_eh_0],2021-10-09 15:06:09,60-03:45:23,0.0,0.0,0,0,,?,S,,,,,,,,,,,,,,,,2,,,"/proc, lsof, ps, ps_auxwww, ps_efl, ps_etime, top"
90,2,kthreadd,root,,,I,nvme-wq,,,,/,[nvme-wq],2021-10-09 15:06:09,60-03:45:23,0.0,0.0,0,0,,?,I<,,,,,,,,,,,,,,,,2,,,"/proc, lsof, ps, ps_auxwww, ps_efl, ps_etime, top"
91,2,kthreadd,root,,,I,nvme-reset-wq,,,,/,[nvme-reset-wq],2021-10-09 15:06:09,60-03:45:23,0.0,0.0,0,0,,?,I<,,,,,,,,,,,,,,,,2,,,"/proc, lsof, ps, ps_auxwww, ps_efl, ps_etime, top"
92,2,kthreadd,root,,,S,scsi_eh_1,,,,/,[scsi_eh_1],2021-10-09 15:06:09,60-03:45:23,0.0,0.0,0,0,,?,S,,,,,,,,,,,,,,,,2,,,"/proc, lsof, ps, ps_auxwww, ps_efl, ps_etime, top"
94,2,kthreadd,root,,,I,scsi_tmf_0,,,,/,[scsi_tmf_0],2021-10-09 15:06:09,60-03:45:23,0.0,0.0,0,0,,?,I<,,,,,,,,,,,,,,,,2,,,"/proc, lsof, ps, ps_auxwww, ps_efl, ps_etime, top"
95,2,kthreadd,root,,,I,nvme-delete-wq,,,,/,[nvme-delete-wq],2021-10-09 15:06:09,60-03:45:23,0.0,0.0,0,0,,?,I<,,,,,,,,,,,,,,,,2,,,"/proc, lsof, ps, ps_auxwww, ps_efl, ps_etime, top"
96,2,kthreadd,root,,,S,scsi_eh_2,,,,/,[scsi_eh_2],2021-10-09 15:06:09,60-03:45:23,0.0,0.0,0,0,,?,S,,,,,,,,,,,,,,,,2,,,"/proc, lsof, ps, ps_auxwww, ps_efl, ps_etime, top"
98,2,kthreadd,root,,,I,scsi_tmf_1,,,,/,[scsi_tmf_1],2021-10-09 15:06:09,60-03:45:23,0.0,0.0,0,0,,?,I<,,,,,,,,,,,,,,,,2,,,"/proc, lsof, ps, ps_auxwww, ps_efl, ps_etime, top"
99,2,kthreadd,root,,,I,scsi_tmf_2,,,,/,[scsi_tmf_2],2021-10-09 15:06:09,60-03:45:23,0.0,0.0,0,0,,?,I<,,,,,,,,,,,,,,,,2,,,"/proc, lsof, ps, ps_auxwww, ps_efl, ps_etime, top"
100,2,kthreadd,root,,,S,scsi_eh_3,,,,/,[scsi_eh_3],2021-10-09 15:06:09,60-03:45:23,0.0,0.0,0,0,,?,S,,,,,,,,,,,,,,,,2,,,"/proc, lsof, ps, ps_auxwww, ps_efl, ps_etime, top"
101,2,kthreadd,root,,,I,scsi_tmf_3,,,,/,[scsi_tmf_3],2021-10-09 15:06:09,60-03:45:23,0.0,0.0,0,0,,?,I<,,,,,,,,,,,,,,,,2,,,"/proc, lsof, ps, ps_auxwww, ps_efl, ps_etime, top"
102,2,kthreadd,root,,,I,storvsc_error_w,,,,/,[storvsc_error_w],2021-10-09 15:06:09,60-03:45:23,0.0,0.0,0,0,,?,I<,,,,,,,,,,,,,,,,2,,,"/proc, lsof, ps, ps_auxwww, ps_efl, ps_etime, top"
103,2,kthreadd,root,,,I,storvsc_error_w,,,,/,[storvsc_error_w],2021-10-09 15:06:09,60-03:45:23,0.0,0.0,0,0,,?,I<,,,,,,,,,,,,,,,,2,,,"/proc, lsof, ps, ps_auxwww, ps_efl, ps_etime, top"
104,2,kthreadd,root,,,I,storvsc_error_w,,,,/,[storvsc_error_w],2021-10-09 15:06:09,60-03:45:23,0.0,0.0,0,0,,?,I<,,,,,,,,,,,,,,,,2,,,"/proc, lsof, ps, ps_auxwww, ps_efl, ps_etime, top"
105,2,kthreadd,root,,,I,storvsc_error_w,,,,/,[storvsc_error_w],2021-10-09 15:06:09,60-03:45:23,0.0,0.0,0,0,,?,I<,,,,,,,,,,,,,,,,2,,,"/proc, lsof, ps, ps_auxwww, ps_efl, ps_etime, top"
106,2,kthreadd,root,,,S,scsi_eh_4,,,,/,[scsi_eh_4],2021-10-09 15:06:09,60-03:45:23,0.0,0.0,0,0,,?,S,,,,,,,,,,,,,,,,2,,,"/proc, lsof, ps, ps_auxwww, ps_efl, ps_etime, top"
107,2,kthreadd,root,,,I,scsi_tmf_4,,,,/,[scsi_tmf_4],2021-10-09 15:06:09,60-03:45:23,0.0,0.0,0,0,,?,I<,,,,,,,,,,,,,,,,2,,,"/proc, lsof, ps, ps_auxwww, ps_efl, ps_etime, top"
109,2,kthreadd,root,,,S,scsi_eh_5,,,,/,[scsi_eh_5],2021-10-09 15:06:09,60-03:45:23,0.0,0.0,0,0,,?,S,,,,,,,,,,,,,,,,2,,,"/proc, lsof, ps, ps_auxwww, ps_efl, ps_etime, top"
110,2,kthreadd,root,,,I,scsi_tmf_5,,,,/,[scsi_tmf_5],2021-10-09 15:06:09,60-03:45:23,0.0,0.0,0,0,,?,I<,,,,,,,,,,,,,,,,2,,,"/proc, lsof, ps, ps_auxwww, ps_efl, ps_etime, top"
114,2,kthreadd,root,,,I,vfio-irqfd-clea,,,,/,[vfio-irqfd-clea],2021-10-09 15:06:09,60-03:45:23,0.0,0.0,0,0,,?,I<,,,,,,,,,,,,,,,,2,,,"/proc, lsof, ps, ps_auxwww, ps_efl, ps_etime, top"
116,2,kthreadd,root,,,I,kworker/0:1H-kblockd,,,,/,[kworker/0:1H-kb],2021-10-09 15:06:09,60-03:45:23,0.0,0.0,0,0,,?,I<,,,,,,,,,,,,,,,,2,,,"/proc, lsof, ps, ps_auxwww, ps_efl, ps_etime, top"
117,2,kthreadd,root,,,I,ipv6_addrconf,,,,/,[ipv6_addrconf],2021-10-09 15:06:09,60-03:45:23,0.0,0.0,0,0,,?,I<,,,,,,,,,,,,,,,,2,,,"/proc, lsof, ps, ps_auxwww, ps_efl, ps_etime, top"
126,2,kthreadd,root,,,I,kstrp,,,,/,[kstrp],2021-10-09 15:06:09,60-03:45:23,0.0,0.0,0,0,,?,I<,,,,,,,,,,,,,,,,2,,,"/proc, lsof, ps, ps_auxwww, ps_efl, ps_etime, top"
129,2,kthreadd,root,,,I,kworker/u3:0,,,,/,[kworker/u3:0],2021-10-09 15:06:09,60-03:45:23,0.0,0.0,0,0,,?,I<,,,,,,,,,,,,,,,,2,,,"/proc, lsof, ps, ps_auxwww, ps_efl, ps_etime, top"
202,2,kthreadd,root,,,I,cryptd,,,,/,[cryptd],2021-10-09 15:06:10,60-03:45:22,0.0,0.0,0,0,,?,I<,,,,,,,,,,,,,,,,2,,,"/proc, lsof, ps, ps_auxwww, ps_efl, ps_etime, top"
310,2,kthreadd,root,,,I,raid5wq,,,,/,[raid5wq],2021-10-09 15:06:12,60-03:45:20,0.0,0.0,0,0,,?,I<,,,,,,,,,,,,,,,,2,,,"/proc, lsof, ps, ps_auxwww, ps_efl, ps_etime, top"
361,2,kthreadd,root,,,S,jbd2/sdb1-8,,,,/,[jbd2/sdb1-8],2021-10-09 15:06:12,60-03:45:20,0.0,0.0,0,0,,?,S,,,,,,,,,,,,,,,,2,,,"/proc, lsof, ps, ps_auxwww, ps_efl, ps_etime, top"
362,2,kthreadd,root,,,I,ext4-rsv-conver,,,,/,[ext4-rsv-conver],2021-10-09 15:06:12,60-03:45:20,0.0,0.0,0,0,,?,I<,,,,,,,,,,,,,,,,2,,,"/proc, lsof, ps, ps_auxwww, ps_efl, ps_etime, top"
438,2,kthreadd,root,,,I,iscsi_eh,,,,/,[iscsi_eh],2021-10-09 15:06:14,60-03:45:18,0.0,0.0,0,0,,?,I<,,,,,,,,,,,,,,,,2,,,"/proc, lsof, ps, ps_auxwww, ps_efl, ps_etime, top"
447,1,systemd,root,,,S,lvmetad,/sbin/lvmetad,/proc/<pid>/exe link,,/,/sbin/lvmetad -f,2021-10-09 15:06:14,60-03:45:18,0.0,0.0,240,105908,,?,Ss,,,174775100bfbaa7d905053d0d31cba3a,2d6819b50fda18f93e99c8cfba60dff07d51fde8,5,0,3,0,42,,,8,2,/run/lvm/lvmetad.socket,14288,18,,,"/proc, hash_running_processes, lsof, ps, ps_auxwww, ps_efl, ps_etime, ss, top"
448,2,kthreadd,root,,,I,ib-comp-wq,,,,/,[ib-comp-wq],2021-10-09 15:06:14,60-03:45:18,0.0,0.0,0,0,,?,I<,,,,,,,,,,,,,,,,2,,,"/proc, lsof, ps, ps_auxwww, ps_efl, ps_etime, top"
449,2,kthreadd,root,,,I,ib-comp-unb-wq,,,,/,[ib-comp-unb-wq],2021-10-09 15:06:14,60-03:45:18,0.0,0.0,0,0,,?,I<,,,,,,,,,,,,,,,,2,,,"/proc, lsof, ps, ps_auxwww, ps_efl, ps_etime, top"
451,2,kthreadd,root,,,I,ib_mcast,,,,/,[ib_mcast],2021-10-09 15:06:14,60-03:45:18,0.0,0.0,0,0,,?,I<,,,,,,,,,,,,,,,,2,,,"/proc, lsof, ps, ps_auxwww, ps_efl, ps_etime, top"
453,2,kthreadd,root,,,I,ib_nl_sa_wq,,,,/,[ib_nl_sa_wq],2021-10-09 15:06:14,60-03:45:18,0.0,0.0,0,0,,?,I<,,,,,,,,,,,,,,,,2,,,"/proc, lsof, ps, ps_auxwww, ps_efl, ps_etime, top"
455,2,kthreadd,root,,,I,rdma_cm,,,,/,[rdma_cm],2021-10-09 15:06:14,60-03:45:18,0.0,0.0,0,0,,?,I<,,,,,,,,,,,,,,,,2,,,"/proc, lsof, ps, ps_auxwww, ps_efl, ps_etime, top"
457,1,systemd,root,,,S,systemd-udevd,/lib/systemd/systemd-udevd,/proc/<pid>/exe link,,/,/lib/systemd/systemd-udevd,2021-10-09 15:06:14,60-03:45:18,0.0,0.2,2556,44840,,?,Ss,,,edcf9661616661c950b3455e50c5b40e,9fbf7c367dd06a4d98acdeb9ee7cab03e2fe879a,15,0,12,0,67,,,10,5,/run/udev/control,14513,37,,,"/proc, hash_running_processes, lsof, ps, ps_auxwww, ps_efl, ps_etime, ss, top"
477,2,kthreadd,root,,,S,hv_balloon,,,,/,[hv_balloon],2021-10-09 15:06:15,60-03:45:17,0.0,0.0,0,0,,?,S,,,,,,,,,,,,,,,,2,,,"/proc, lsof, ps, ps_auxwww, ps_efl, ps_etime, top"
494,4148,auoms,root,,,S,auomscollect,/opt/microsoft/auoms/bin/auomscollect,/proc/<pid>/exe link,,/,/opt/microsoft/auoms/bin/auomscollect -n,2021-12-08 16:54:37,01:56:55,0.7,1.9,18284,666344,,?,S<l,,,,,,,,,,,,,,,,327,,,"/proc, lsof, ps, ps_auxwww, ps_efl, ps_etime, top"
602,1,systemd,azureus+,,,S,systemd,/lib/systemd/systemd,/proc/<pid>/exe link,,/,/lib/systemd/systemd --user,2021-10-10 17:02:44,59-01:48:48,0.0,0.1,1148,76652,,?,Ss,,,ac8b27ce6641cba4ed2c5e762f041986,2214cfdf087d2748ef060fd24400fd9abe8432a0,24,0,20,0,130,,,10,12,/run/user/1000/gnupg/S.dirmngr /run/user/1000/gnupg/S.gpg-agent /run/user/1000/gnupg/S.gpg-agent.browser /run/user/1000/gnupg/S.gpg-agent.extra /run/user/1000/gnupg/S.gpg-agent.ssh /run/user/1000/snapd-session-agent.socket /run/user/1000/systemd/private,733279,58,,,"/proc, hash_running_processes, lsof, ps, ps_auxwww, ps_efl, ps_etime, ss, top"
603,602,systemd,azureus+,,,S,(sd-pam),/lib/systemd/systemd,/proc/<pid>/exe link,,/,(sd-pam),2021-10-10 17:02:44,59-01:48:48,0.0,0.2,2520,111796,,?,S,,,ac8b27ce6641cba4ed2c5e762f041986,2214cfdf087d2748ef060fd24400fd9abe8432a0,7,0,5,0,194,,,10,2,,733279,58,,,"/proc, hash_running_processes, lsof, ps, ps_auxwww, ps_efl, ps_etime, ss, top"
609,2,kthreadd,root,,,S,none,/ (deleted),/proc/<pid>/exe link,yes,/,bpfilter_umh,2021-10-09 15:06:17,60-03:45:15,0.0,0.0,88,4512,,?,S,,,7e04ca25dc2b656c19d1f42fd5346ffe,b32354e2b8aada25caccaa082d317ef59afef717,3,0,0,0,10,/ (deleted),,,,,,8,,DELETED-BINARY NONSYSTEM-LIB,"/proc, hash_running_processes, lsof, ps, ps_auxwww, ps_efl, ps_etime, top"
702,1,systemd,systemd+,,,S,systemd-timesyn,/lib/systemd/systemd-timesyncd,/proc/<pid>/exe link,,/,/lib/systemd/systemd-timesyncd,2021-10-09 15:06:17,60-03:45:15,0.0,0.0,504,141784,,?,Ssl,,,5b8970e5ca8b7ecf04bf0e16fbe10452,045330f905ea909c526b517e233c9e373b762dbf,14,0,13,0,118,,,9,6,,16167,92,,,"/proc, hash_running_processes, lsof, ps, ps_auxwww, ps_efl, ps_etime, ss, top"
801,1,systemd,root,,,S,httpd,/usr/sbin/httpd,/proc/<pid>/exe link,,/,/usr/sbin/httpd -k start,2021-10-10 17:03:59,59-01:47:33,0.0,0.1,1264,84196,,?,Ss,,,5cc0a1b0fc60d9bbe11ad4da37bf4443,70805a79e0189b74c8288edc1348c90e430fbbee,8,0,2,0,159,,,21,2,*:80,,51,,,"/proc, hash_running_processes, lsof, ps, ps_auxwww, ps_efl, ps_etime, ss, top"
828,1,systemd,omsagent,,,S,omsagent,/opt/microsoft/omsagent/ruby/bin/ruby,/proc/<pid>/exe link,,/,/opt/microsoft/omsagent/ruby/bin/ruby /opt/microsoft/omsagent/bin/omsagent -d /var/opt/microsoft/omsagent/00000000-0000-4000-8000-000000000001/run/omsagent.pid -o /var/opt/microsoft/omsagent/00000000-0000-4000-8000-000000000001/log/omsagent.log -c /etc/opt/microsoft/omsagent/00000000-0000-4000-8000-000000000001/conf/omsagent.conf --no-supervisor,2021-11-19 01:36:35,19-17:14:57,3.2,7.4,69632,323940,,?,Sl,,,c33801fdacd5119684b7fe30895b7f3a,49ebe9530d02e2656f5d14dff5073ffe23984f8a,42,0,14,0,143,,/opt/microsoft/omsagent/ruby/lib/libjemalloc.so.2,10,5,/var/opt/microsoft/omsagent/00000000-0000-4000-8000-000000000001/run/auoms.socket 0.0.0.0:25324,102991616,3629,,LD_PRELOAD,"/proc, hash_running_processes, lsof, ps, ps_auxwww, ps_efl, ps_etime, ss, top"
859,1,systemd,systemd+,,,S,systemd-network,/lib/systemd/systemd-networkd,/proc/<pid>/exe link,,/,/lib/systemd/systemd-networkd,2021-10-09 15:06:21,60-03:45:11,0.0,0.0,668,80044,,?,Ss,,,990ab96cfaf4e8b04cef981d05368b3c,3242c66f5351fd93d2bf5444fd692ef706c34882,20,0,19,0,122,,,13,10,,17775 18678,51,,,"/proc, hash_running_processes, lsof, ps, ps_auxwww, ps_efl, ps_etime, ss, top"
870,1,systemd,systemd+,,,S,systemd-resolve,/lib/systemd/systemd-resolved,/proc/<pid>/exe link,,/,/lib/systemd/systemd-resolved,2021-10-09 15:06:21,60-03:45:11,0.0,0.1,1664,70624,,?,Ss,,,24e977635c0ab2a460806dc7f40ddb76,c95a66bfda4f9a33ee7a193ad4225847059691a2,15,0,13,0,122,,,10,6,127.0.0.53%lo:53,17977 18677,49,,,"/proc, hash_running_processes, lsof, ps, ps_auxwww, ps_efl, ps_etime, ss, top"
993,2,kthreadd,root,,,S,jbd2/sda1-8,,,,/,[jbd2/sda1-8],2021-10-09 15:06:25,60-03:45:07,0.0,0.0,0,0,,?,S,,,,,,,,,,,,,,,,2,,,"/proc, lsof, ps, ps_auxwww, ps_efl, ps_etime, top"
994,2,kthreadd,root,,,I,ext4-rsv-conver,,,,/,[ext4-rsv-conver],2021-10-09 15:06:25,60-03:45:07,0.0,0.0,0,0,,?,I<,,,,,,,,,,,,,,,,2,,,"/proc, lsof, ps, ps_auxwww, ps_efl, ps_etime, top"
1003,1,systemd,daemon,,,S,atd,/usr/sbin/atd,/proc/<pid>/exe link,,/var/spool/cron/atjobs,/usr/sbin/atd -f,2021-10-09 15:06:25,60-03:45:07,0.0,0.0,216,28336,,?,Ss,,,8a360f0462c600083797ebf595475338,66584f58bf8cb814f7082b6aa4b678dd88cfc234,4,0,0,0,54,,,4,,,,20,,,"/proc, hash_running_processes, lsof, ps, ps_auxwww, ps_efl, ps_etime, top"
1014,1,systemd,message+,,,S,dbus-daemon,/usr/bin/dbus-daemon,/proc/<pid>/exe link,,/,/usr/bin/dbus-daemon --system --address=systemd: --nofork --nopidfile --systemd-activation --syslog-only,2021-10-09 15:06:25,60-03:45:07,0.0,0.1,1456,50272,,?,Ss,,,a16a434bf20fe1344520ac4aa0bad0fb,084000598e1a7cc00deda62958f45efd978812c8,16,0,15,0,90,,,8,11,/var/run/dbus/system_bus_socket,19290 19343 19344 19345 19346 19347 21421 21821 46448601,41,,,"/proc, hash_running_processes, lsof, ps, ps_auxwww, ps_efl, ps_etime, ss, top"
1029,1,systemd,root,,,S,cron,/usr/sbin/cron,/proc/<pid>/exe link,,/var/spool/cron,/usr/sbin/cron -f,2021-10-09 15:06:25,60-03:45:07,0.0,0.1,1220,36232,,?,Ss,,,ce5e3a7afce43649531bbd58434689ec,e7c5ccecea10c27ad75dccc279ef3673def68244,4,0,2,0,76,,,4,1,,19511,36,,,"/proc, hash_running_processes, lsof, ps, ps_auxwww, ps_efl, ps_etime, ss, top"
1046,1,systemd,root,,,S,lxcfs,/usr/bin/lxcfs,/proc/<pid>/exe link,,/,/usr/bin/lxcfs /var/lib/lxcfs/,2021-10-09 15:06:25,60-03:45:07,0.0,0.1,1528,644356,,?,Ssl,,,a07bc831fc7213e879938566707701d2,8db312e8db096486ceb0bddb71b6a8afc6b19266,19,0,2,0,26,,,4,1,,19940,308,,,"/proc, hash_running_processes, lsof, ps, ps_auxwww, ps_efl, ps_etime, ss, top"
1065,1,systemd,root,,,S,accounts-daemon,/usr/lib/accountsservice/accounts-daemon,/proc/<pid>/exe link,,/,/usr/lib/accountsservice/accounts-daemon,2021-10-09 15:06:25,60-03:45:07,0.0,0.1,1056,288092,,?,Ssl,,,7ec33b9f2b3acff9fd61e7b83a50750f,50a40b74cff51185f8c85006f83d0380a13915c1,8,0,7,0,124,,,7,2,,20601 21420,156,,,"/proc, hash_running_processes, lsof, ps, ps_auxwww, ps_efl, ps_etime, ss, top"
1084,1,systemd,root,,,S,agetty,/sbin/agetty,/proc/<pid>/exe link,,/,"/sbin/agetty -o -p -- \u --keep-baud 115200,38400,9600 ttyS0 vt220",2021-10-09 15:06:25,60-03:45:07,0.0,0.0,152,16416,,ttyS0,Ss+,,,d5a3b133ddd64f18e217913acf526da2,56df591d782bcf0dccdc5264b133e1fdf9d143b4,4,0,1,0,40,,,5,,,,27,,,"/proc, hash_running_processes, lsof, ps, ps_auxwww, ps_efl, ps_etime, top"
1103,1,systemd,root,,,S,agetty,/sbin/agetty,/proc/<pid>/exe link,,/,/sbin/agetty -o -p -- \u --noclear tty1 linux,2021-10-09 15:06:25,60-03:45:07,0.0,0.0,128,14892,,tty1,Ss+,,,d5a3b133ddd64f18e217913acf526da2,56df591d782bcf0dccdc5264b133e1fdf9d143b4,4,0,1,0,29,,,4,,,,16,,,"/proc, hash_running_processes, lsof, ps, ps_auxwww, ps_efl, ps_etime, top"
1106,1,systemd,root,,,S,sshd,/usr/sbin/sshd,/proc/<pid>/exe link,,/,/usr/sbin/sshd -D,2021-10-09 15:06:26,60-03:45:06,0.0,0.1,1744,72304,,?,Ss,,,58d51588d610fdfaa6266e881b1789cf,0b9c1a600f14403c384a8fb4c6f2574235c7f0ca,5,0,4,0,126,,,6,5,0.0.0.0:22 [::]:22,21547,41,,,"/proc, hash_running_processes, lsof, ps, ps_auxwww, ps_efl, ps_etime, ss, top"
1124,1,systemd,root,,,S,polkitd,/usr/lib/policykit-1/polkitd,/proc/<pid>/exe link,,/,/usr/lib/policykit-1/polkitd --no-debug,2021-10-09 15:06:26,60-03:45:06,0.0,0.1,1200,291388,,?,Ssl,,,7814a820b2fef22b77b7a48bc0ae92fd,c9926701ae3be7459193d99bba101b02fb41f780,10,0,7,0,123,,,4,1,,21820,132,,,"/proc, hash_running_processes, lsof, ps, ps_auxwww, ps_efl, ps_etime, ss, top"
1693,801,httpd,daemon,,,S,httpd,/usr/sbin/httpd,/proc/<pid>/exe link,,/,/usr/sbin/httpd -k start,2021-11-18 07:37:49,20-11:13:43,0.0,0.3,2904,837648,,?,Sl,,,5cc0a1b0fc60d9bbe11ad4da37bf4443,70805a79e0189b74c8288edc1348c90e430fbbee,11,0,3,0,171,,,21,2,*:80,,1539,,,"/proc, hash_running_processes, lsof, ps, ps_auxwww, ps_efl, ps_etime, ss, top"
1813,801,httpd,daemon,,,S,httpd,/usr/sbin/httpd,/proc/<pid>/exe link,,/,/usr/sbin/httpd -k start,2021-11-18 07:48:56,20-11:02:36,0.0,0.2,2724,837600,,?,Sl,,,5cc0a1b0fc60d9bbe11ad4da37bf4443,70805a79e0189b74c8288edc1348c90e430fbbee,11,0,3,0,171,,,21,2,*:80,,1539,,,"/proc, hash_running_processes, lsof, ps, ps_auxwww, ps_efl, ps_etime, ss, top"
2447,2,kthreadd,root,,,S,audit_prune_tre,,,,/,[audit_prune_tre],2021-10-09 15:07:16,60-03:44:16,0.0,0.0,0,0,,?,S,,,,,,,,,,,,,,,,2,,,"/proc, lsof, ps, ps_auxwww, ps_efl, ps_etime, top"
2539,801,httpd,daemon,,,S,httpd,/usr/sbin/httpd,/proc/<pid>/exe link,,/,/usr/sbin/httpd -k start,2021-11-18 08:02:44,20-10:48:48,0.0,0.3,2972,837600,,?,Sl,,,5cc0a1b0fc60d9bbe11ad4da37bf4443,70805a79e0189b74c8288edc1348c90e430fbbee,11,0,3,0,171,,,21,2,*:80,,1539,,,"/proc, hash_running_processes, lsof, ps, ps_auxwww, ps_efl, ps_etime, ss, top"
2632,801,httpd,daemon,,,S,httpd,/usr/sbin/httpd,/proc/<pid>/exe link,,/,/usr/sbin/httpd -k start,2021-11-18 08:31:42,20-10:19:50,0.0,0.3,3616,837712,,?,Sl,,,5cc0a1b0fc60d9bbe11ad4da37bf4443,70805a79e0189b74c8288edc1348c90e430fbbee,11,0,3,0,171,,,21,2,*:80,,1539,,,"/proc, hash_running_processes, lsof, ps, ps_auxwww, ps_efl, ps_etime, ss, top"
3991,,,,,,,,,,,,,,,,,,,,,,,,453dc13f62c115c7b28cb4ede0ea3107,74a1dc2024957db6a9074401954b57dad2cf2aac,,,,,,,,,,,,,,SINGLE-SOURCE,hash_running_processes
4092,1106,sshd,root,,,S,sshd,/usr/sbin/sshd,/proc/<pid>/exe link,,/,sshd: azureuser [priv],2021-12-08 16:12:06,02:39:26,0.0,0.2,2488,107988,,?,Ss,,,58d51588d610fdfaa6266e881b1789cf,0b9c1a600f14403c384a8fb4c6f2574235c7f0ca,8,0,3,0,194,,,,4,,112071388 198.18.0.0:29953,60,,,"/proc, hash_running_processes, lsof, ps, ps_auxwww, ps_efl, ps_etime, ss, top"
4148,1,systemd,root,,,R,auoms,/opt/microsoft/auoms/bin/auoms,/proc/<pid>/exe link,,/,/opt/microsoft/auoms/bin/auoms,2021-12-05 14:59:17,3-03:52:15,2.9,3.3,31316,723796,,?,Sl,,,35eee87082345f0da3bcbdeef7b19699,7b17b89a98a0d7f5b4df30aea42bd157cd678936,14,0,9,0,22,,,7,4,/var/run/auoms/input.socket /var/run/auoms/status.socket,102991615,488,,,"/proc, hash_running_processes, lsof, ps, ps_auxwww, ps_efl, ps_etime, ss, top"
4204,4092,sshd,azureus+,,,S,sshd,/usr/sbin/sshd,/proc/<pid>/exe link,,/,sshd: azureuser@pts/0,2021-12-08 16:12:25,02:39:07,0.0,0.1,1212,107988,,?,S,,,58d51588d610fdfaa6266e881b1789cf,0b9c1a600f14403c384a8fb4c6f2574235c7f0ca,12,0,3,0,194,,,,4,,112071387 198.18.0.0:29953,64,,,"/proc, hash_running_processes, lsof, ps, ps_auxwww, ps_efl, ps_etime, ss, top"
4205,4204,sshd,azureus+,,,S,bash,/bin/bash,/proc/<pid>/exe link,,/home/azureuser/src/LiME/src,-bash,2021-12-08 16:12:25,02:39:07,0.0,0.3,3160,23216,,pts/0,Ss,,,557c0271e30cf474e0f46f93721fd1ba,59fea2c26edbbab48daaf73e7cd16ebc47475e83,4,0,0,0,48,,,13,,,,29,,,"/proc, hash_running_processes, lsof, ps, ps_auxwww, ps_efl, ps_etime, top"
4270,,,,,,,,,,,,,,,,,,,,,,,,32c9a9a431ccf867c0bc43fe89ff2ac5,,,,,,,,,,,,,,,SINGLE-SOURCE,hash_running_processes
4478,,,,,,,,,,,,,,,,,,,,,,,,,ba4bf1fb48a9b0779b477215d1fb1e92f43516a3,,,,,,,,,,,,,,SINGLE-SOURCE,hash_running_processes
4674,2,kthreadd,root,,,I,kworker/u2:0-events_power_efficient,,,,/,[kworker/u2:0-ev],2021-12-08 18:49:09,02:23,0.0,0.0,0,0,,?,I,,,,,,,,,,,,,,,,2,,,"/proc, lsof, ps, ps_auxwww, ps_efl, ps_etime, top"
5017,,,,,,,,,,,,,,,,,,,,,,,,,,,,,,,,,,,,,,,SINGLE-SOURCE,/proc
5064,,,,,,,,,,,,,,,,,,,,,,,,,,,,,,,,,,,,,,,SINGLE-SOURCE,/proc
5131,,,,,,,,,,,,,,,,,,,,,,,,,,,,,,,,,,,,,,,SINGLE-SOURCE,/proc
6388,20645,sh,daemon,,,S,sleep,/bin/sleep,/proc/<pid>/exe link,,/var/tmp/.log/101068/.spoollog (deleted),sleep 300,2021-12-08 18:50:45,00:47,0.0,0.0,824,4536,,?,S,,,,,,,,,,,,,,,,8,,,"/proc, lsof, ps, ps_auxwww, ps_efl, ps_etime, top"
6445,9331,bash,root,,,S,uac,/bin/dash,/proc/<pid>/exe link,,/root/uac,/bin/sh ./uac -p full -o linux output,2021-12-08 18:50:50,00:42,1.1,0.2,2240,5032,,pts/0,S+,,,453dc13f62c115c7b28cb4ede0ea3107,74a1dc2024957db6a9074401954b57dad2cf2aac,6,0,0,0,10,,,20,,,,11,,,"/proc, hash_running_processes, lsof, ps, ps_auxwww, ps_efl, ps_etime, top"
6803,21785,sh,daemon,,,S,,/bin/sleep,journal _EXE (same boot),,,sleep 30,2021-12-08 18:51:07,00:25,0.0,0.0,768,7928,,?,S,,,,,,,,,,,,,,,,,,,"ps, ps_auxwww, ps_efl, ps_etime"
6830,15853,sh,daemon,,,S,,/bin/sleep,journal _EXE (same boot),,,sleep 30,2021-12-08 18:51:09,00:23,0.0,0.0,776,7928,,?,S,,,,,,,,,,,,,,,,,,,"ps, ps_auxwww, ps_efl, ps_etime"
6991,6445,uac,root,,,S,,/bin/sh,argv[0] (self-reported); journal recorded /root/uac/tools/statx/bin/linux/x86_64/statx for this pid,,,/bin/sh ./uac -p full -o linux output,2021-12-08 18:51:16,00:16,2.6,0.1,1524,5032,,pts/0,S+,,,,,,,,,,,,,,,,,,,"ps, ps_auxwww, ps_efl, ps_etime"
7206,,,root,,,,,,,,,ps auxwww,,,0.0,0.3,3072,36704,,pts/0,R+,,,,,,,,,,,,,,,,,,,ps_auxwww
7477,6991,sh,,,,,,/root/uac/tools/statx/bin/linux/x86_64/statx,journal _EXE (same boot),,,,,,,,,,,,,,,,,,,,,,,,,,,,,,SINGLE-SOURCE,ps
7566,6991,sh,root,,,R,,,,,,ps -efl,,,,,,,,,,,,,,,,,,,,,,,,,,,,ps_efl
7656,,,root,,,,,,,,,"ps -eo pid,user,etime,args",,00:00,,,,,,,,,,,,,,,,,,,,,,,,,,ps_etime
7746,,,root,,,,,/bin/ps,journal _EXE (same boot),,,"ps -eo pid,user,lstart,args",2021-12-08 18:51:34,,,,,,,,,,,,,,,,,,,,,,,,,,,ps
7755,,,,,,,,/bin/dash,lsof txt descriptor,,/root/uac,,,,,,,,,,,,,,,,,,,,,,,,,,12,,,"lsof, ps"
7777,1,systemd,root,,,S,hv_kvp_daemon,/usr/lib/linux-azure-5.4-tools-5.4.0-1059/hv_kvp_daemon,/proc/<pid>/exe link,,/,/usr/lib/linux-tools/5.4.0-1059-azure/hv_kvp_daemon -n,2021-11-30 07:03:41,8-11:47:51,3.0,0.1,1688,12644,,?,Ss,,,4fffd4be3aa8da032fb9418a4289bab7,9906602279f782f3a3b66e6572c9b1dedd6bde2d,10,0,3,0,22,,,6,2,,84559940,18,,,"/proc, hash_running_processes, lsof, ps, ps_auxwww, ps_efl, ps_etime, ss, top"
7900,1,systemd,root,,,S,systemd-logind,/lib/systemd/systemd-logind,/proc/<pid>/exe link,,/,/lib/systemd/systemd-logind,2021-11-18 10:48:34,20-08:02:58,0.0,0.1,1748,71488,,?,Ss,,,fc23b57c43eb09ebfb9d126f452088bd,689ec0e0e0004a9b77d60b23ce214210d9d58902,19,0,12,0,122,,,7,3,,46447718 46448600,48,,,"/proc, hash_running_processes, lsof, ps, ps_auxwww, ps_efl, ps_etime, ss, top"
7978,,,,,,,,/usr/bin/lsof,lsof txt descriptor,,/root/uac,,,,,,,,,,,,,,,,,,,,,,,,,,16,,,"lsof, ps"
7984,,,,,,,,/usr/bin/lsof,lsof txt descriptor,,/root/uac,,,,,,,,,,,,,,,,,,,,,,,,,,11,,,"lsof, ps"
8078,,,daemon,,,,sleep,/bin/sleep,/proc/<pid>/exe link,,,,,,0.0,0.1,,,,,,,,,,,,,,,,,,,,,,,,"/proc, ps, top"
8081,,,daemon,,,,sleep,/bin/sleep,/proc/<pid>/exe link,,,,,,0.0,0.1,,,,,,,,,,,,,,,,,,,,,,,,"/proc, ps, top"
8089,,,root,,,,uac,,,,,,,,0.0,0.2,,,,,,,,,,,,,,,,,,,,,,,SINGLE-SOURCE,top
8295,,,root,,,,top,,,,,,,,9.4,0.4,,,,,,,,,,,,,,,,,,,,,,,SINGLE-SOURCE,top
8385,,,root,,,,uac,/bin/dash,/proc/<pid>/exe link,,,"/bin/sh
./uac
full
linux
output",,,,,,,,,,,,,,5,0,0,0,10,,,20,,,,,,,"/proc, ps"
8987,,,,,,,,,,,,,,,,,,,,,,,,,,,,,,,,,,,,,,,SINGLE-SOURCE,/proc
9278,,,,,,,,,,,,/opt/microsoft/auoms/bin/auomscollect,,,,,,,,,,,,,,,,,,,,,,,,,,,SINGLE-SOURCE,/proc
9303,4205,bash,root,,,S,sudo,/usr/bin/sudo,/proc/<pid>/exe link,,/home/azureuser/src/LiME/src,sudo su,2021-12-08 16:17:57,02:33:35,0.0,0.2,2084,68312,,pts/0,S,,,91f3165fb11a4e0d4d17be51f8c49073,bfdc9e673deedd01b81db17a05ff28a5b683fea3,7,0,2,0,136,,,21,1,,,53,,,"/proc, hash_running_processes, lsof, ps, ps_auxwww, ps_efl, ps_etime, ss, top"
9314,9303,sudo,root,,,S,su,/bin/su,/proc/<pid>/exe link,,/home/azureuser/src/LiME/src,su,2021-12-08 16:17:57,02:33:35,0.0,0.1,1860,63476,,pts/0,S,,,8229572371cd023b526820856db08133,0d573fc0ba2f8b9ebc7ebce3530c432d088199d7,4,0,1,0,128,,,14,1,,,49,,,"/proc, hash_running_processes, lsof, ps, ps_auxwww, ps_efl, ps_etime, ss, top"
9331,9314,su,root,,,S,bash,/bin/bash,/proc/<pid>/exe link,,/root/uac,bash,2021-12-08 16:17:59,02:33:33,0.0,0.3,2884,22036,,pts/0,S,,,557c0271e30cf474e0f46f93721fd1ba,59fea2c26edbbab48daaf73e7cd16ebc47475e83,4,0,0,0,48,,,14,,,,29,,,"/proc, hash_running_processes, lsof, ps, ps_auxwww, ps_efl, ps_etime, top"
11374,,,,,,,,,,,,,,,,,,,,,,,,,,,,,,,,,,,,,1,,SINGLE-SOURCE,lsof
11421,,,,,,,,,,,,,,,,,,,,,,,,,,,,,,,,,,,,,1,,SINGLE-SOURCE,lsof
11675,,,,,,,,,,,,,,,,,,,,,,,,,,,,,,,,,,,,,,,SINGLE-SOURCE,/proc
11712,,,,,,,,,,,,,,,,,,,,,,,,,,,,,,,,,,,,,,,SINGLE-SOURCE,/proc
11828,,,,,,,,,,,,,,,,,,,,,,,,,,,,,,,,,,,,,,,SINGLE-SOURCE,/proc
11829,,,,,,,,,,,,,,,,,,,,,,,,,,,,,,,,,,,,,,,SINGLE-SOURCE,/proc
11834,,,,,,,,,,,,,,,,,,,,,,,,,,,,,,,,,,,,,,,SINGLE-SOURCE,/proc
11950,,,,,,,,,,,,,,,,,,,,,,,,,,,,,,,,,,,,,,,SINGLE-SOURCE,/proc
11951,,,,,,,,,,,,,,,,,,,,,,,,,,,,,,,,,,,,,,,SINGLE-SOURCE,/proc
11957,,,,,,,,,,,,,,,,,,,,,,,,,,,,,,,,,,,,,,,SINGLE-SOURCE,/proc
12395,2,kthreadd,root,,,I,xfsalloc,,,,/,[xfsalloc],2021-10-13 06:46:48,56-12:04:44,0.0,0.0,0,0,,?,I<,,,,,,,,,,,,,,,,2,,,"/proc, lsof, ps, ps_auxwww, ps_efl, ps_etime, top"
12403,2,kthreadd,root,,,I,xfs_mru_cache,,,,/,[xfs_mru_cache],2021-10-13 06:46:48,56-12:04:44,0.0,0.0,0,0,,?,I<,,,,,,,,,,,,,,,,2,,,"/proc, lsof, ps, ps_auxwww, ps_efl, ps_etime, top"
12408,2,kthreadd,root,,,S,jfsIO,,,,/,[jfsIO],2021-10-13 06:46:48,56-12:04:44,0.0,0.0,0,0,,?,S,,,,,,,,,,,,,,,,2,,,"/proc, lsof, ps, ps_auxwww, ps_efl, ps_etime, top"
12409,2,kthreadd,root,,,S,jfsCommit,,,,/,[jfsCommit],2021-10-13 06:46:48,56-12:04:44,0.0,0.0,0,0,,?,S,,,,,,,,,,,,,,,,2,,,"/proc, lsof, ps, ps_auxwww, ps_efl, ps_etime, top"
12410,2,kthreadd,root,,,S,jfsSync,,,,/,[jfsSync],2021-10-13 06:46:48,56-12:04:44,0.0,0.0,0,0,,?,S,,,,,,,,,,,,,,,,2,,,"/proc, lsof, ps, ps_auxwww, ps_efl, ps_etime, top"
12635,,,,,,,,,,,,,,,,,,,,,,,,,,,,,,,,,,,,,,,SINGLE-SOURCE,/proc
12637,,,,,,,,,,,,,,,,,,,,,,,,,,,,,,,,,,,,,,,SINGLE-SOURCE,/proc
12642,,,,,,,,,,,,,,,,,,,,,,,,,,,,,,,,,,,,,,,SINGLE-SOURCE,/proc
12685,,,,,,,,,,,,,,,,,,,,,,,,,,,,,,,,,,,,,,,SINGLE-SOURCE,/proc
12687,,,,,,,,,,,,,,,,,,,,,,,,,,,,,,,,,,,,,,,SINGLE-SOURCE,/proc
15851,1,systemd,daemon,,,S,bash,/bin/bash,/proc/<pid>/exe link,,/bin,/bin/bash,2021-11-30 16:19:28,8-02:32:04,0.0,0.0,280,18380,,?,S,,,557c0271e30cf474e0f46f93721fd1ba,59fea2c26edbbab48daaf73e7cd16ebc47475e83,3,0,0,0,34,,,26,,,,14,,,"/proc, hash_running_processes, lsof, ps, ps_auxwww, ps_efl, ps_etime, top"
15853,15851,bash,daemon,,,S,sh,/bin/dash,/proc/<pid>/exe link,,/tmp,sh,2021-11-30 16:19:28,8-02:32:04,0.2,0.0,860,4632,,?,S,,,453dc13f62c115c7b28cb4ede0ea3107,74a1dc2024957db6a9074401954b57dad2cf2aac,3,0,0,0,10,,,29,,,,8,,,"/proc, hash_running_processes, lsof, ps, ps_auxwww, ps_efl, ps_etime, top"
16786,,,,,,,,,,,,,,,,,,,,,,,,,,,,,,,,,,,,,,,SINGLE-SOURCE,/proc
16791,,,,,,,,,,,,,,,,,,,,,,,,,,,,,,,,,,,,,,,SINGLE-SOURCE,/proc
16797,,,,,,,,,,,,,,,,,,,,,,,,,,,,,,,,,,,,,,,SINGLE-SOURCE,/proc
17280,2,kthreadd,root,,,I,kworker/u2:1-events_power_efficient,,,,/,[kworker/u2:1-ev],2021-12-08 18:19:36,31:56,0.0,0.0,0,0,,?,I,,,,,,,,,,,,,,,,2,,,"/proc, lsof, ps, ps_auxwww, ps_efl, ps_etime, top"
19151,,,,,,,,,,,,,,,,,,,,,,,,,,,,,,,,,7,,,,,,SINGLE-SOURCE,/proc
19986,2,kthreadd,root,,,I,kworker/u2:3-events_power_efficient,,,,/,[kworker/u2:3-ev],2021-12-08 17:28:38,01:22:54,0.0,0.0,0,0,,?,I,,,,,,,,,,,,,,,,2,,,"/proc, lsof, ps, ps_auxwww, ps_efl, ps_etime, top"
20645,1,systemd,daemon,,,S,sh,/bin/dash,/proc/<pid>/exe link,,/var/tmp/.log/101068/.spoollog (deleted),sh .src.sh,2021-11-14 01:26:25,24-17:25:07,0.5,0.0,756,4632,,?,S,,,453dc13f62c115c7b28cb4ede0ea3107,74a1dc2024957db6a9074401954b57dad2cf2aac,4,1,0,1,10,,,30,,,,9,,DELETED-FD TMPFS-FD,"/proc, hash_running_processes, lsof, ps, ps_auxwww, ps_efl, ps_etime, top"
21035,,,,,,,,,,,,,,,,,,,,,,,,,,,,,,,,,,,,,,,SINGLE-SOURCE,/proc
21040,,,,,,,,,,,,,,,,,,,,,,,,,,,,,,,,,,,,,,,SINGLE-SOURCE,/proc
21398,,,,,,,,,,,,,,,,,,,,,,,,,,,,,,,,,,,,,,,SINGLE-SOURCE,/proc
21400,,,,,,,,,,,,,,,,,,,,,,,,,,,,,,,,,,,,,,,SINGLE-SOURCE,/proc
21783,1,systemd,daemon,,,S,bash,/bin/bash,/proc/<pid>/exe link,,/bin,/bin/bash,2021-11-30 16:27:39,8-02:23:53,0.0,0.0,284,18380,,?,S,,,557c0271e30cf474e0f46f93721fd1ba,59fea2c26edbbab48daaf73e7cd16ebc47475e83,3,0,0,0,34,,,26,,,,14,,,"/proc, hash_running_processes, lsof, ps, ps_auxwww, ps_efl, ps_etime, top"
21785,21783,bash,daemon,,,S,sh,/bin/dash,/proc/<pid>/exe link,,/tmp,sh,2021-11-30 16:27:39,8-02:23:53,0.2,0.0,828,4632,,?,S,,,453dc13f62c115c7b28cb4ede0ea3107,74a1dc2024957db6a9074401954b57dad2cf2aac,3,0,0,0,10,,,29,,,,8,,,"/proc, hash_running_processes, lsof, ps, ps_auxwww, ps_efl, ps_etime, top"
22096,1,systemd,root,,,S,omiserver,/opt/omi/bin/omiserver,/proc/<pid>/exe link,,/var/opt/omi/run,/opt/omi/bin/omiserver -d,2021-12-05 08:25:38,3-10:25:54,0.0,0.1,972,32168,,?,S,,,16f12b02681a2c3b5e613b60e071fdc5,823cbcae68790c5bfce8dc3ae7bcd311377b08a0,9,0,2,0,53,,,5,2,/etc/opt/omi/conf/sockets/omi_JozaRvZDS,102128868,25,,,"/proc, hash_running_processes, lsof, ps, ps_auxwww, ps_efl, ps_etime, ss, top"
22101,22096,omiserver,omi,,,S,omiengine,/opt/omi/bin/omiengine,/proc/<pid>/exe link,,/var/opt/omi/run,/opt/omi/bin/omiengine -d --logfilefd 3 --socketpair 9,2021-12-05 08:25:38,3-10:25:54,0.0,0.1,1636,32160,,?,S,,,2445822baf5a1989a589de018fa9edbc,f8f7ef3823fb2eb6a889a38ba45b87f2940fcd80,9,0,3,0,53,,,2,3,/var/opt/omi/run/omiserver.sock,102128869 102129573,25,,,"/proc, hash_running_processes, lsof, ps, ps_auxwww, ps_efl, ps_etime, ss, top"
22182,22096,omiserver,root,,,S,omiagent,/opt/omi/bin/omiagent,/proc/<pid>/exe link,,/var/opt/omi/run,/opt/omi/bin/omiagent 9 10 --destdir / --providerdir /opt/omi/lib --loglevel WARNING,2021-12-05 08:25:55,3-10:25:37,0.9,0.4,3872,186888,,?,Sl,,,11c76252bf7eb1a8f9ee5777fe26c09b,71f7eaa904254e46d94b0d41344acb8b1bb7a843,8,0,1,0,89,,,5,1,,102129574,132,,,"/proc, hash_running_processes, lsof, ps, ps_auxwww, ps_efl, ps_etime, ss, top"
22463,2,kthreadd,root,,,I,kworker/0:1-cgroup_destroy,,,,/,[kworker/0:1-cgr],2021-12-08 15:49:39,03:01:53,0.1,0.0,0,0,,?,I,,,,,,,,,,,,,,,,2,,,"/proc, lsof, ps, ps_auxwww, ps_efl, ps_etime, top"
24330,1,systemd,daemon,,,S,agettyd,/tmp/agettyd (deleted),/proc/<pid>/exe link,yes,/,agettyd -c noresetd,2021-12-05 08:28:02,3-10:23:30,49.3,28.3,266044,308944,,?,Ssl,,,e83658008d6d9dc6fe5dbb0138a4942b,fe75fd6cad1a6cfe6830eed0d060f6e9d540eabb,14,0,6,0,4,/tmp/agettyd (deleted),,32,2,,198.18.0.58:443,120,,DELETED-BINARY RUNS-FROM-TMPFS NONSYSTEM-LIB,"/proc, hash_running_processes, lsof, ps, ps_auxwww, ps_efl, ps_etime, ss, top"
25195,,,,,,,,,,,,,,,,,,,,,,,,,,,,,,,,,,,,,,,SINGLE-SOURCE,/proc
25222,,,,,,,,,,,,,,,,,,,,,,,,,,,,,,,,,,,,,,,SINGLE-SOURCE,/proc
25379,,,,,,,,,,,,,,,,,,,,,,,,,,,,,,,,,,,,,,,SINGLE-SOURCE,/proc
26078,,,,,,,,,,,,,,,,,,,,,,,,,,,,,,,,,,,,,,,SINGLE-SOURCE,/proc
27359,1,systemd,root,,,S,filebeat,/usr/share/filebeat/bin/filebeat,/proc/<pid>/exe link,,/,/usr/share/filebeat/bin/filebeat --environment systemd -c /etc/filebeat/filebeat.yml --path.home /usr/share/filebeat --path.config /etc/filebeat --path.data /var/lib/filebeat --path.logs /var/log/filebeat,2021-11-19 01:05:40,19-17:45:52,0.5,4.5,42528,1538712,,?,Ssl,,,89d274cc60a0540162dda4c7e873fd11,3a4158b9110b753340406f8711cc572f55e024c6,15,0,5,0,42,,,8,9,,198.18.0.59:443 198.18.0.56:443 198.18.0.57:443 49258742,293,,,"/proc, hash_running_processes, lsof, ps, ps_auxwww, ps_efl, ps_etime, ss, top"
27371,1,systemd,root,,,S,python3,/usr/bin/python3.6,/proc/<pid>/exe link,,/,/usr/bin/python3 -u /usr/sbin/waagent -daemon,2021-11-19 01:10:10,19-17:41:22,0.0,1.3,12568,79732,,?,Ss,,,df951778475516c0bd28388a930ec99b,7ea5682aea72b6f7e6ec37fb66d9c08832f35371,3,0,2,0,120,,,4,1,,49259176,46,,,"/proc, hash_running_processes, lsof, ps, ps_auxwww, ps_efl, ps_etime, ss, top"
27623,1,systemd,root,,,S,systemd-journal,/lib/systemd/systemd-journald,/proc/<pid>/exe link,,/,/lib/systemd/systemd-journald,2021-11-19 01:31:32,19-17:20:00,2.4,8.6,81184,200296,,?,S<s,,,a9dd56ab31136d44870636f4bcf2bb6a,02a32e4593fd3c4652d308bb8bf80a487a281858,34,1,25,0,111,,,7,19,/run/systemd/journal/stdout,14759 14763 16269 17776 17991 19291 19512 19941 20603 21550 46449982 49272833 49272834 733290 84559942,66,,DELETED-FD,"/proc, hash_running_processes, lsof, ps, ps_auxwww, ps_efl, ps_etime, ss, top"
27968,27371,python3,root,,,S,python3,/usr/bin/python3.6,/proc/<pid>/exe link,,/var/lib/waagent/WALinuxAgent-198.18.11.65,python3 -u bin/WALinuxAgent-198.18.11.65-py2.7.egg -run-exthandlers,2021-11-19 01:32:03,19-17:19:29,0.9,2.1,20404,387384,,?,Sl,,,df951778475516c0bd28388a930ec99b,7ea5682aea72b6f7e6ec37fb66d9c08832f35371,5,0,2,0,136,,,4,1,,49259176,260,,,"/proc, hash_running_processes, lsof, ps, ps_auxwww, ps_efl, ps_etime, ss, top"
28904,2,kthreadd,root,,,I,kworker/0:0-events,,,,/,[kworker/0:0-eve],2021-12-08 17:45:08,01:06:24,0.1,0.0,0,0,,?,I,,,,,,,,,,,,,,,,2,,,"/proc, lsof, ps, ps_auxwww, ps_efl, ps_etime, top"
29370,,,,,,,,,,,,,,,,,,,,,,,,,,,,,,,,,,,,,,,SINGLE-SOURCE,/proc
29401,,,,,,,,,,,,,,,,,,,,,,,,,,,,,,,,,,,,,,,SINGLE-SOURCE,/proc
30647,,,,,,,,,,,,,,,,,,,,,,,,1b2c669b2ebccde8803c7657a6dbba07,8214b76e463d08c0974caa2ceadccbefb0e033a5,16,0,8,0,,,,,,,,,,,"/proc, hash_running_processes"
30685,,,,,,,,,,,,,,,,,,,,,,,,,,,,,,,,,,,,,,,SINGLE-SOURCE,/proc
30687,,,,,,,,,,,,,,,,,,,,,,,,,,,,,,,,,,,,,,,SINGLE-SOURCE,/proc
31957,1,systemd,syslog,,,S,rsyslogd,/usr/sbin/rsyslogd,/proc/<pid>/exe link,,/,/usr/sbin/rsyslogd -n,2021-11-19 01:35:35,19-17:15:57,0.0,0.2,1936,267268,,?,Ssl,,,401ca20794cee07e3ab48f507946eaa1,dc130c48443b79cb69f4eb6744f04b19c0a24667,10,0,2,0,98,,,7,2,,,148,,,"/proc, hash_running_processes, lsof, ps, ps_auxwww, ps_efl, ps_etime, ss, top"
32156,2,kthreadd,root,,,I,kworker/u2:2-events_power_efficient,,,,/,[kworker/u2:2-ev],2021-12-08 18:42:23,09:09,0.0,0.0,0,0,,?,I,,,,,,,,,,,,,,,,2,,,"/proc, lsof, ps, ps_auxwww, ps_efl, ps_etime, top"
32420,,,,,,,,,,,,,,,,,,,,,,,,2fb28b5c237207b71c89ac6eb5861a5c,bebcce23072c4d831ce8e2822a0858d6aa813067,,,,,,,,,,,,,,,"/proc, hash_running_processes"
