rule,level,product,service_or_category,applicable,why_not,tables_checked,rows_matched,rule_id,rule_file
Python Path Configuration File Creation - Linux,medium,linux,file_event,no,no table here carries 'file_event' data,,0,fb96c26c-9f85-4ae7-af0d-ed1ed1f1f5ce,sigma-rules/rules-threat-hunting\linux\file\file_event\file_event_lnx_python_path_configuration_files.yml
Potentially Suspicious Long Filename Pattern - Linux,low,linux,file_event,no,no table here carries 'file_event' data,,0,11629c4d-0fe6-465b-be62-b39a1c442aad,sigma-rules/rules-threat-hunting\linux\file\file_event\file_event_lnx_susp_long_filename_pattern.yml
Terminate Linux Process Via Kill,medium,linux,process_creation,yes,,"PROCESSES, PROCESS_MASTER",0,64c41342-6b27-523b-5d3f-c265f3efcdb3,sigma-rules/rules-threat-hunting\linux\process_creation\proc_creation_lnx_susp_process_termination_via_kill.yml
Process Discovery,low,linux,process_creation,yes,,"PROCESSES, PROCESS_MASTER",2,4e2f5868-08d4-413d-899f-dc2f1508627b,sigma-rules/rules-threat-hunting\linux\process_creation\proc_creation_lnx_susp_running_process_discovery.yml
Bitbucket Full Data Export Triggered,high,bitbucket,audit,no,logsource product 'bitbucket' is not this collection,,0,195e1b9d-bfc2-4ffa-ab4e-35aef69815f8,sigma-rules/rules\application\bitbucket\audit\bitbucket_audit_full_data_export_triggered.yml
Bitbucket Global Permission Changed,medium,bitbucket,audit,no,logsource product 'bitbucket' is not this collection,,0,aac6c4f4-87c7-4961-96ac-c3fd3a42c310,sigma-rules/rules\application\bitbucket\audit\bitbucket_audit_global_permissions_change_detected.yml
Bitbucket Global Secret Scanning Rule Deleted,medium,bitbucket,audit,no,logsource product 'bitbucket' is not this collection,,0,e16cf0f0-ee88-4901-bd0b-4c8d13d9ee05,sigma-rules/rules\application\bitbucket\audit\bitbucket_audit_global_secret_scanning_rule_deleted.yml
Bitbucket Global SSH Settings Changed,medium,bitbucket,audit,no,logsource product 'bitbucket' is not this collection,,0,16ab6143-510a-44e2-a615-bdb80b8317fc,sigma-rules/rules\application\bitbucket\audit\bitbucket_audit_global_ssh_settings_change_detected.yml
Bitbucket Audit Log Configuration Updated,medium,bitbucket,audit,no,logsource product 'bitbucket' is not this collection,,0,6aa12161-235a-4dfb-9c74-fe08df8d8da1,sigma-rules/rules\application\bitbucket\audit\bitbucket_audit_log_configuration_update_detected.yml
Bitbucket Project Secret Scanning Allowlist Added,low,bitbucket,audit,no,logsource product 'bitbucket' is not this collection,,0,42ccce6d-7bd3-4930-95cd-e4d83fa94a30,sigma-rules/rules\application\bitbucket\audit\bitbucket_audit_project_secret_scanning_allowlist_added.yml
Bitbucket Secret Scanning Exempt Repository Added,high,bitbucket,audit,no,logsource product 'bitbucket' is not this collection,,0,b91e8d5e-0033-44fe-973f-b730316f23a1,sigma-rules/rules\application\bitbucket\audit\bitbucket_audit_secret_scanning_exempt_repository_detected.yml
Bitbucket Secret Scanning Rule Deleted,low,bitbucket,audit,no,logsource product 'bitbucket' is not this collection,,0,ff91e3f0-ad15-459f-9a85-1556390c138d,sigma-rules/rules\application\bitbucket\audit\bitbucket_audit_secret_scanning_rule_deleted.yml
Bitbucket Unauthorized Access To A Resource,critical,bitbucket,audit,no,logsource product 'bitbucket' is not this collection,,0,7215374a-de4f-4b33-8ba5-70804c9251d3,sigma-rules/rules\application\bitbucket\audit\bitbucket_audit_unauthorized_access_detected.yml
Bitbucket Unauthorized Full Data Export Triggered,critical,bitbucket,audit,no,logsource product 'bitbucket' is not this collection,,0,34d81081-03c9-4a7f-91c9-5e46af625cde,sigma-rules/rules\application\bitbucket\audit\bitbucket_audit_unauthorized_full_data_export_triggered.yml
Bitbucket User Details Export Attempt Detected,medium,bitbucket,audit,no,logsource product 'bitbucket' is not this collection,,0,5259cbf2-0a75-48bf-b57a-c54d6fabaef3,sigma-rules/rules\application\bitbucket\audit\bitbucket_audit_user_details_export_attempt_detected.yml
Bitbucket User Login Failure,medium,bitbucket,audit,no,logsource product 'bitbucket' is not this collection,,0,70ed1d26-0050-4b38-a599-92c53d57d45a,sigma-rules/rules\application\bitbucket\audit\bitbucket_audit_user_login_failure_detected.yml
Bitbucket User Login Failure Via SSH,medium,bitbucket,audit,no,logsource product 'bitbucket' is not this collection,,0,d3f90469-fb05-42ce-b67d-0fded91bbef3,sigma-rules/rules\application\bitbucket\audit\bitbucket_audit_user_login_failure_via_ssh_detected.yml
Bitbucket User Permissions Export Attempt,medium,bitbucket,audit,no,logsource product 'bitbucket' is not this collection,,0,87cc6698-3e07-4ba2-9b43-a85a73e151e2,sigma-rules/rules\application\bitbucket\audit\bitbucket_audit_user_permissions_export_attempt_detected.yml
Django Framework Exceptions,medium,django,application,no,logsource product 'django' is not this collection,,0,fd435618-981e-4a7c-81f8-f78ce480d616,sigma-rules/rules\application\django\appframework_django_exceptions.yml
Github Delete Action Invoked,medium,github,audit,no,logsource product 'github' is not this collection,,0,16a71777-0b2e-4db7-9888-9d59cb75200b,sigma-rules/rules\application\github\audit\github_delete_action_invoked.yml
Github High Risk Configuration Disabled,high,github,audit,no,logsource product 'github' is not this collection,,0,8622c92d-c00e-463c-b09d-fd06166f6794,sigma-rules/rules\application\github\audit\github_disable_high_risk_configuration.yml
Outdated Dependency Or Vulnerability Alert Disabled,high,github,audit,no,logsource product 'github' is not this collection,,0,34e1c7d4-0cd5-419d-9f1b-1dad3f61018d,sigma-rules/rules\application\github\audit\github_disabled_outdated_dependency_or_vulnerability.yml
Github Fork Private Repositories Setting Enabled/Cleared,medium,github,audit,no,logsource product 'github' is not this collection,,0,69b3bd1e-b38a-462f-9a23-fbdbf63d2294,sigma-rules/rules\application\github\audit\github_fork_private_repos_enabled_or_cleared.yml
New Github Organization Member Added,informational,github,audit,no,logsource product 'github' is not this collection,,0,3908d64a-3c06-4091-b503-b3a94424533b,sigma-rules/rules\application\github\audit\github_new_org_member.yml
Github New Secret Created,low,github,audit,no,logsource product 'github' is not this collection,,0,f9405037-bc97-4eb7-baba-167dad399b83,sigma-rules/rules\application\github\audit\github_new_secret_created.yml
Github Outside Collaborator Detected,medium,github,audit,no,logsource product 'github' is not this collection,,0,eaa9ac35-1730-441f-9587-25767bde99d7,sigma-rules/rules\application\github\audit\github_outside_collaborator_detected.yml
GitHub Repository Pages Site Changed to Public,low,github,audit,no,logsource product 'github' is not this collection,,0,0c46d4f4-a2bf-4104-9597-8d653fc2bb55,sigma-rules/rules\application\github\audit\github_pages_site_changed_to_public.yml
Github Push Protection Bypass Detected,low,github,audit,no,logsource product 'github' is not this collection,,0,02cf536a-cf21-4876-8842-4159c8aee3cc,sigma-rules/rules\application\github\audit\github_push_protection_bypass_detected.yml
Github Push Protection Disabled,high,github,audit,no,logsource product 'github' is not this collection,,0,ccd55945-badd-4bae-936b-823a735d37dd,sigma-rules/rules\application\github\audit\github_push_protection_disabled.yml
Github Repository/Organization Transferred,medium,github,audit,no,logsource product 'github' is not this collection,,0,04ad83ef-1a37-4c10-b57a-81092164bf33,sigma-rules/rules\application\github\audit\github_repo_or_org_transferred.yml
GitHub Repository Archive Status Changed,low,github,audit,no,logsource product 'github' is not this collection,,0,dca8991c-cb16-4128-abf8-6b11e5cd156f,sigma-rules/rules\application\github\audit\github_repository_archive_status_changed.yml
Github Secret Scanning Feature Disabled,high,github,audit,no,logsource product 'github' is not this collection,,0,3883d9a0-fd0f-440f-afbb-445a2a799bb8,sigma-rules/rules\application\github\audit\github_secret_scanning_feature_disabled.yml
Github Self Hosted Runner Changes Detected,low,github,audit,no,logsource product 'github' is not this collection,,0,f8ed0e8f-7438-4b79-85eb-f358ef2fbebd,sigma-rules/rules\application\github\audit\github_self_hosted_runner_changes_detected.yml
Github SSH Certificate Configuration Changed,medium,github,audit,no,logsource product 'github' is not this collection,,0,2f575940-d85e-4ddc-af13-17dad6f1a0ef,sigma-rules/rules\application\github\audit\github_ssh_certificate_config_changed.yml
Potential JNDI Injection Exploitation In JVM Based Application,high,jvm,application,no,logsource product 'jvm' is not this collection,,0,bb0e9cec-d4da-46f5-997f-22efc59f3dca,sigma-rules/rules\application\jvm\java_jndi_injection_exploitation_attempt.yml
Potential Local File Read Vulnerability In JVM Based Application,high,jvm,application,no,logsource product 'jvm' is not this collection,,0,e032f5bc-4563-4096-ae3b-064bab588685,sigma-rules/rules\application\jvm\java_local_file_read.yml
Potential OGNL Injection Exploitation In JVM Based Application,high,jvm,application,no,logsource product 'jvm' is not this collection,,0,4d0af518-828e-4a04-a751-a7d03f3046ad,sigma-rules/rules\application\jvm\java_ognl_injection_exploitation_attempt.yml
Process Execution Error In JVM Based Application,high,jvm,application,no,logsource product 'jvm' is not this collection,,0,d65f37da-a26a-48f8-8159-3dde96680ad2,sigma-rules/rules\application\jvm\java_rce_exploitation_attempt.yml
Potential XXE Exploitation Attempt In JVM Based Application,high,jvm,application,no,logsource product 'jvm' is not this collection,,0,c4e06896-e27c-4583-95ac-91ce2279345d,sigma-rules/rules\application\jvm\java_xxe_exploitation_attempt.yml
Kubernetes Admission Controller Modification,medium,kubernetes,audit,no,logsource product 'kubernetes' is not this collection,,0,eed82177-38f5-4299-8a76-098d50d225ab,sigma-rules/rules\application\kubernetes\audit\kubernetes_audit_change_admission_controller.yml
Kubernetes CronJob/Job Modification,medium,kubernetes,audit,no,logsource product 'kubernetes' is not this collection,,0,0c9b3bda-41a6-4442-9345-356ae86343dc,sigma-rules/rules\application\kubernetes\audit\kubernetes_audit_cronjob_modification.yml
Deployment Deleted From Kubernetes Cluster,low,kubernetes,audit,no,logsource product 'kubernetes' is not this collection,,0,40967487-139b-4811-81d9-c9767a92aa5a,sigma-rules/rules\application\kubernetes\audit\kubernetes_audit_deployment_deleted.yml
Kubernetes Events Deleted,medium,kubernetes,audit,no,logsource product 'kubernetes' is not this collection,,0,3132570d-cab2-4561-9ea6-1743644b2290,sigma-rules/rules\application\kubernetes\audit\kubernetes_audit_events_deleted.yml
Potential Remote Command Execution In Pod Container,medium,kubernetes,audit,no,logsource product 'kubernetes' is not this collection,,0,a1b0ca4e-7835-413e-8471-3ff2b8a66be6,sigma-rules/rules\application\kubernetes\audit\kubernetes_audit_exec_into_container.yml
Container With A hostPath Mount Created,low,kubernetes,audit,no,logsource product 'kubernetes' is not this collection,,0,402b955c-8fe0-4a8c-b635-622b4ac5f902,sigma-rules/rules\application\kubernetes\audit\kubernetes_audit_hostpath_mount.yml
Creation Of Pod In System Namespace,medium,kubernetes,audit,no,logsource product 'kubernetes' is not this collection,,0,a80d927d-ac6e-443f-a867-e8d6e3897318,sigma-rules/rules\application\kubernetes\audit\kubernetes_audit_pod_in_system_namespace.yml
Kubernetes Potential Enumeration Activity,medium,kubernetes,audit,no,logsource product 'kubernetes' is not this collection,,0,597a7e84-187d-458b-9e4f-2f5a0e676711,sigma-rules/rules\application\kubernetes\audit\kubernetes_audit_potential_enumeration_activity.yml
Privileged Container Deployed,low,kubernetes,audit,no,logsource product 'kubernetes' is not this collection,,0,c5cd1b20-36bb-488d-8c05-486be3d0cb97,sigma-rules/rules\application\kubernetes\audit\kubernetes_audit_privileged_pod_creation.yml
RBAC Permission Enumeration Attempt,low,kubernetes,audit,no,logsource product 'kubernetes' is not this collection,,0,84b777bd-c946-4d17-aa2e-c39f5a454325,sigma-rules/rules\application\kubernetes\audit\kubernetes_audit_rbac_permisions_listing.yml
Kubernetes Rolebinding Modification,medium,kubernetes,audit,no,logsource product 'kubernetes' is not this collection,,0,10b97915-ec8d-455f-a815-9a78926585f6,sigma-rules/rules\application\kubernetes\audit\kubernetes_audit_rolebinding_modification.yml
Kubernetes Secrets Enumeration,low,kubernetes,audit,no,logsource product 'kubernetes' is not this collection,,0,eeb3e9e1-b685-44e4-9232-6bb701f925b5,sigma-rules/rules\application\kubernetes\audit\kubernetes_audit_secrets_enumeration.yml
Kubernetes Secrets Modified or Deleted,medium,kubernetes,audit,no,logsource product 'kubernetes' is not this collection,,0,58d31a75-a4f8-4c40-985b-373d58162ca2,sigma-rules/rules\application\kubernetes\audit\kubernetes_audit_secrets_modified_or_deleted.yml
New Kubernetes Service Account Created,low,kubernetes,audit,no,logsource product 'kubernetes' is not this collection,,0,e31bae15-83ed-473e-bf31-faf4f8a17d36,sigma-rules/rules\application\kubernetes\audit\kubernetes_audit_serviceaccount_creation.yml
Potential Sidecar Injection Into Running Deployment,medium,kubernetes,audit,no,logsource product 'kubernetes' is not this collection,,0,ad9012a6-e518-4432-9890-f3b82b8fc71f,sigma-rules/rules\application\kubernetes\audit\kubernetes_audit_sidecar_injection.yml
Kubernetes Unauthorized or Unauthenticated Access,low,kubernetes,audit,no,logsource product 'kubernetes' is not this collection,,0,0d933542-1f1f-420d-97d4-21b2c3c492d9,sigma-rules/rules\application\kubernetes\audit\kubernetes_audit_unauthorized_unauthenticated_actions.yml
Potential RCE Exploitation Attempt In NodeJS,high,nodejs,application,no,logsource product 'nodejs' is not this collection,,0,97661d9d-2beb-4630-b423-68985291a8af,sigma-rules/rules\application\nodejs\nodejs_rce_exploitation_attempt.yml
OpenCanary - FTP Login Attempt,high,opencanary,application,no,logsource product 'opencanary' is not this collection,,0,6991bc2b-ae2e-447f-bc55-3a1ba04c14e5,sigma-rules/rules\application\opencanary\opencanary_ftp_login_attempt.yml
OpenCanary - GIT Clone Request,high,opencanary,application,no,logsource product 'opencanary' is not this collection,,0,4fe17521-aef3-4e6a-9d6b-4a7c8de155a8,sigma-rules/rules\application\opencanary\opencanary_git_clone_request.yml
OpenCanary - HTTP GET Request,high,opencanary,application,no,logsource product 'opencanary' is not this collection,,0,af6c3078-84cd-4c68-8842-08b76bd81b13,sigma-rules/rules\application\opencanary\opencanary_http_get.yml
OpenCanary - HTTP POST Login Attempt,high,opencanary,application,no,logsource product 'opencanary' is not this collection,,0,af1ac430-df6b-4b38-b976-0b52f07a0252,sigma-rules/rules\application\opencanary\opencanary_http_post_login_attempt.yml
OpenCanary - HTTPPROXY Login Attempt,high,opencanary,application,no,logsource product 'opencanary' is not this collection,,0,5498fc09-adc6-4804-b9d9-5cca1f0b8760,sigma-rules/rules\application\opencanary\opencanary_httpproxy_login_attempt.yml
OpenCanary - MSSQL Login Attempt Via SQLAuth,high,opencanary,application,no,logsource product 'opencanary' is not this collection,,0,3ec9a16d-0b4f-4967-9542-ebf38ceac7dd,sigma-rules/rules\application\opencanary\opencanary_mssql_login_sqlauth.yml
OpenCanary - MSSQL Login Attempt Via Windows Authentication,high,opencanary,application,no,logsource product 'opencanary' is not this collection,,0,6e78f90f-0043-4a01-ac41-f97681613a66,sigma-rules/rules\application\opencanary\opencanary_mssql_login_winauth.yml
OpenCanary - MySQL Login Attempt,high,opencanary,application,no,logsource product 'opencanary' is not this collection,,0,e7d79a1b-25ed-4956-bd56-bd344fa8fd06,sigma-rules/rules\application\opencanary\opencanary_mysql_login_attempt.yml
OpenCanary - NTP Monlist Request,high,opencanary,application,no,logsource product 'opencanary' is not this collection,,0,7cded4b3-f09e-405a-b96f-24248433ba44,sigma-rules/rules\application\opencanary\opencanary_ntp_monlist.yml
OpenCanary - NMAP FIN Scan,high,opencanary,application,no,logsource product 'opencanary' is not this collection,,0,eae8c0c8-e5da-450a-9d7d-66aa56cd26b6,sigma-rules/rules\application\opencanary\opencanary_portscan_nmap_fin_scan.yml
OpenCanary - NMAP NULL Scan,high,opencanary,application,no,logsource product 'opencanary' is not this collection,,0,68b8547b-107f-43f3-97fb-900a7d63c190,sigma-rules/rules\application\opencanary\opencanary_portscan_nmap_null_scan.yml
OpenCanary - NMAP OS Scan,high,opencanary,application,no,logsource product 'opencanary' is not this collection,,0,e8a677fd-248c-4eab-94df-de2f6f645884,sigma-rules/rules\application\opencanary\opencanary_portscan_nmap_os_scan.yml
OpenCanary - NMAP XMAS Scan,high,opencanary,application,no,logsource product 'opencanary' is not this collection,,0,d7553d7b-f485-479c-b192-cdac6edd83a4,sigma-rules/rules\application\opencanary\opencanary_portscan_nmap_xmas_scan.yml
OpenCanary - Host Port Scan (SYN Scan),high,opencanary,application,no,logsource product 'opencanary' is not this collection,,0,974be8d2-283e-4033-ab08-7505b84204d0,sigma-rules/rules\application\opencanary\opencanary_portscan_syn_scan.yml
OpenCanary - RDP New Connection Attempt,high,opencanary,application,no,logsource product 'opencanary' is not this collection,,0,598290cf-5932-45cd-9123-be1e05ab4f2e,sigma-rules/rules\application\opencanary\opencanary_rdp_connection_attempt.yml
OpenCanary - REDIS Action Command Attempt,high,opencanary,application,no,logsource product 'opencanary' is not this collection,,0,547dfc53-ebf6-4afe-8d2e-793d9574975d,sigma-rules/rules\application\opencanary\opencanary_redis_command.yml
OpenCanary - SIP Request,high,opencanary,application,no,logsource product 'opencanary' is not this collection,,0,e30de276-68ec-435c-ab99-ef3befec6c61,sigma-rules/rules\application\opencanary\opencanary_sip_request.yml
OpenCanary - SMB File Open Request,high,opencanary,application,no,logsource product 'opencanary' is not this collection,,0,22777c9e-873a-4b49-855f-6072ab861a52,sigma-rules/rules\application\opencanary\opencanary_smb_file_open.yml
OpenCanary - SNMP OID Request,high,opencanary,application,no,logsource product 'opencanary' is not this collection,,0,e9856028-fd4e-46e6-b3d1-10f7ceb95078,sigma-rules/rules\application\opencanary\opencanary_snmp_cmd.yml
OpenCanary - SSH Login Attempt,high,opencanary,application,no,logsource product 'opencanary' is not this collection,,0,ff7139bc-fdb1-4437-92f2-6afefe8884cb,sigma-rules/rules\application\opencanary\opencanary_ssh_login_attempt.yml
OpenCanary - SSH New Connection Attempt,high,opencanary,application,no,logsource product 'opencanary' is not this collection,,0,cd55f721-5623-4663-bd9b-5229cab5237d,sigma-rules/rules\application\opencanary\opencanary_ssh_new_connection.yml
OpenCanary - Telnet Login Attempt,high,opencanary,application,no,logsource product 'opencanary' is not this collection,,0,512cff7a-683a-43ad-afe0-dd398e872f36,sigma-rules/rules\application\opencanary\opencanary_telnet_login_attempt.yml
OpenCanary - TFTP Request,high,opencanary,application,no,logsource product 'opencanary' is not this collection,,0,b4e6b016-a2ac-4759-ad85-8000b300d61e,sigma-rules/rules\application\opencanary\opencanary_tftp_request.yml
OpenCanary - VNC Connection Attempt,high,opencanary,application,no,logsource product 'opencanary' is not this collection,,0,9db5446c-b44a-4291-8b89-fcab5609c3b3,sigma-rules/rules\application\opencanary\opencanary_vnc_connection_attempt.yml
Python SQL Exceptions,medium,python,application,no,logsource product 'python' is not this collection,,0,19aefed0-ffd4-47dc-a7fc-f8b1425e84f9,sigma-rules/rules\application\python\app_python_sql_exceptions.yml
Remote Schedule Task Lateral Movement via ATSvc,high,rpc_firewall,application,no,logsource product 'rpc_firewall' is not this collection,,0,0fcd1c79-4eeb-4746-aba9-1b458f7a79cb,sigma-rules/rules\application\rpc_firewall\rpc_firewall_atsvc_lateral_movement.yml
Remote Schedule Task Recon via AtScv,high,rpc_firewall,application,no,logsource product 'rpc_firewall' is not this collection,,0,f177f2bc-5f3e-4453-b599-57eefce9a59c,sigma-rules/rules\application\rpc_firewall\rpc_firewall_atsvc_recon.yml
Possible DCSync Attack,high,rpc_firewall,application,no,logsource product 'rpc_firewall' is not this collection,,0,56fda488-113e-4ce9-8076-afc2457922c3,sigma-rules/rules\application\rpc_firewall\rpc_firewall_dcsync_attack.yml
Remote Encrypting File System Abuse,high,rpc_firewall,application,no,logsource product 'rpc_firewall' is not this collection,,0,5f92fff9-82e2-48eb-8fc1-8b133556a551,sigma-rules/rules\application\rpc_firewall\rpc_firewall_efs_abuse.yml
Remote Event Log Recon,high,rpc_firewall,application,no,logsource product 'rpc_firewall' is not this collection,,0,2053961f-44c7-4a64-b62d-f6e72800af0d,sigma-rules/rules\application\rpc_firewall\rpc_firewall_eventlog_recon.yml
Remote Schedule Task Lateral Movement via ITaskSchedulerService,high,rpc_firewall,application,no,logsource product 'rpc_firewall' is not this collection,,0,ace3ff54-e7fd-46bd-8ea0-74b49a0aca1d,sigma-rules/rules\application\rpc_firewall\rpc_firewall_itaskschedulerservice_lateral_movement.yml
Remote Schedule Task Recon via ITaskSchedulerService,high,rpc_firewall,application,no,logsource product 'rpc_firewall' is not this collection,,0,7f7c49eb-2977-4ac8-8ab0-ab1bae14730e,sigma-rules/rules\application\rpc_firewall\rpc_firewall_itaskschedulerservice_recon.yml
Remote Printing Abuse for Lateral Movement,high,rpc_firewall,application,no,logsource product 'rpc_firewall' is not this collection,,0,bc3a4b0c-e167-48e1-aa88-b3020950e560,sigma-rules/rules\application\rpc_firewall\rpc_firewall_printing_lateral_movement.yml
Remote DCOM/WMI Lateral Movement,high,rpc_firewall,application,no,logsource product 'rpc_firewall' is not this collection,,0,68050b10-e477-4377-a99b-3721b422d6ef,sigma-rules/rules\application\rpc_firewall\rpc_firewall_remote_dcom_or_wmi.yml
Remote Registry Lateral Movement,high,rpc_firewall,application,no,logsource product 'rpc_firewall' is not this collection,,0,35c55673-84ca-4e99-8d09-e334f3c29539,sigma-rules/rules\application\rpc_firewall\rpc_firewall_remote_registry_lateral_movement.yml
Remote Registry Recon,high,rpc_firewall,application,no,logsource product 'rpc_firewall' is not this collection,,0,d8ffe17e-04be-4886-beb9-c1dd1944b9a8,sigma-rules/rules\application\rpc_firewall\rpc_firewall_remote_registry_recon.yml
Remote Server Service Abuse,high,rpc_firewall,application,no,logsource product 'rpc_firewall' is not this collection,,0,b6ea3cc7-542f-43ef-bbe4-980fbed444c7,sigma-rules/rules\application\rpc_firewall\rpc_firewall_remote_server_service_abuse.yml
Remote Server Service Abuse for Lateral Movement,high,rpc_firewall,application,no,logsource product 'rpc_firewall' is not this collection,,0,10018e73-06ec-46ec-8107-9172f1e04ff2,sigma-rules/rules\application\rpc_firewall\rpc_firewall_remote_service_lateral_movement.yml
Remote Schedule Task Lateral Movement via SASec,high,rpc_firewall,application,no,logsource product 'rpc_firewall' is not this collection,,0,aff229ab-f8cd-447b-b215-084d11e79eb0,sigma-rules/rules\application\rpc_firewall\rpc_firewall_sasec_lateral_movement.yml
Recon Activity via SASec,high,rpc_firewall,application,no,logsource product 'rpc_firewall' is not this collection,,0,0a3ff354-93fc-4273-8a03-1078782de5b7,sigma-rules/rules\application\rpc_firewall\rpc_firewall_sasec_recon.yml
SharpHound Recon Account Discovery,high,rpc_firewall,application,no,logsource product 'rpc_firewall' is not this collection,,0,65f77b1e-8e79-45bf-bb67-5988a8ce45a5,sigma-rules/rules\application\rpc_firewall\rpc_firewall_sharphound_recon_account.yml
SharpHound Recon Sessions,high,rpc_firewall,application,no,logsource product 'rpc_firewall' is not this collection,,0,6d580420-ff3f-4e0e-b6b0-41b90c787e28,sigma-rules/rules\application\rpc_firewall\rpc_firewall_sharphound_recon_sessions.yml
Ruby on Rails Framework Exceptions,medium,ruby_on_rails,application,no,logsource product 'ruby_on_rails' is not this collection,,0,0d2c3d4c-4b48-4ac3-8f23-ea845746bb1a,sigma-rules/rules\application\ruby\appframework_ruby_on_rails_exceptions.yml
Spring Framework Exceptions,medium,spring,application,no,logsource product 'spring' is not this collection,,0,ae48ab93-45f7-4051-9dfe-5d30a3f78e33,sigma-rules/rules\application\spring\spring_application_exceptions.yml
Potential SpEL Injection In Spring Framework,high,spring,application,no,logsource product 'spring' is not this collection,,0,e9edd087-89d8-48c9-b0b4-5b9bb10896b8,sigma-rules/rules\application\spring\spring_spel_injection.yml
Suspicious SQL Error Messages,high,sql,application,no,logsource product 'sql' is not this collection,,0,8a670c6d-7189-4b1c-8017-a417ca84a086,sigma-rules/rules\application\sql\app_sqlinjection_errors.yml
Potential Server Side Template Injection In Velocity,high,velocity,application,no,logsource product 'velocity' is not this collection,,0,16c86189-b556-4ee8-b4c7-7e350a195a4f,sigma-rules/rules\application\velocity\velocity_ssti_injection.yml
Binary Padding - Linux,high,linux,auditd,no,no table here carries 'auditd' data,,0,c52a914f-3d8b-4b2a-bb75-b3991e75f8ba,sigma-rules/rules\linux\auditd\execve\lnx_auditd_binary_padding.yml
Bpfdoor TCP Ports Redirect,medium,linux,auditd,no,no table here carries 'auditd' data,,0,70b4156e-50fc-4523-aa50-c9dddf1993fc,sigma-rules/rules\linux\auditd\execve\lnx_auditd_bpfdoor_port_redirect.yml
Linux Capabilities Discovery,low,linux,auditd,no,no table here carries 'auditd' data,,0,fe10751f-1995-40a5-aaa2-c97ccb4123fe,sigma-rules/rules\linux\auditd\execve\lnx_auditd_capabilities_discovery.yml
File Time Attribute Change - Linux,medium,linux,auditd,no,no table here carries 'auditd' data,,0,b3cec4e7-6901-4b0d-a02d-8ab2d8eb818b,sigma-rules/rules\linux\auditd\execve\lnx_auditd_change_file_time_attr.yml
Remove Immutable File Attribute - Auditd,medium,linux,auditd,no,no table here carries 'auditd' data,,0,a5b977d6-8a81-4475-91b9-49dbfcd941f7,sigma-rules/rules\linux\auditd\execve\lnx_auditd_chattr_immutable_removal.yml
Clipboard Collection with Xclip Tool - Auditd,low,linux,auditd,no,no table here carries 'auditd' data,,0,214e7e6c-f21b-47ff-bb6f-551b2d143fcf,sigma-rules/rules\linux\auditd\execve\lnx_auditd_clipboard_collection.yml
Clipboard Collection of Image Data with Xclip Tool,low,linux,auditd,no,no table here carries 'auditd' data,,0,f200dc3f-b219-425d-a17e-c38467364816,sigma-rules/rules\linux\auditd\execve\lnx_auditd_clipboard_image_collection.yml
Possible Coin Miner CPU Priority Param,critical,linux,auditd,no,no table here carries 'auditd' data,,0,071d5e5a-9cef-47ec-bc4e-a42e34d8d0ed,sigma-rules/rules\linux\auditd\execve\lnx_auditd_coinminer.yml
Data Compressed,low,linux,auditd,no,no table here carries 'auditd' data,,0,a3b5e3e9-1b49-4119-8b8e-0344a01f21ee,sigma-rules/rules\linux\auditd\execve\lnx_auditd_data_compressed.yml
Data Exfiltration with Wget,medium,linux,auditd,no,no table here carries 'auditd' data,,0,cb39d16b-b3b6-4a7a-8222-1cf24b686ffc,sigma-rules/rules\linux\auditd\execve\lnx_auditd_data_exfil_wget.yml
Overwriting the File with Dev Zero or Null,low,linux,auditd,no,no table here carries 'auditd' data,,0,37222991-11e9-4b6d-8bdf-60fbe48f753e,sigma-rules/rules\linux\auditd\execve\lnx_auditd_dd_delete_file.yml
File or Folder Permissions Change,low,linux,auditd,no,no table here carries 'auditd' data,,0,74c01ace-0152-4094-8ae2-6fd776dd43e5,sigma-rules/rules\linux\auditd\execve\lnx_auditd_file_or_folder_permissions.yml
Credentials In Files - Linux,high,linux,auditd,no,no table here carries 'auditd' data,,0,df3fcaea-2715-4214-99c5-0056ea59eb35,sigma-rules/rules\linux\auditd\execve\lnx_auditd_find_cred_in_files.yml
Hidden Files and Directories,low,linux,auditd,no,no table here carries 'auditd' data,,0,d08722cd-3d09-449a-80b4-83ea2d9d4616,sigma-rules/rules\linux\auditd\execve\lnx_auditd_hidden_files_directories.yml
Steganography Hide Zip Information in Picture File,low,linux,auditd,no,no table here carries 'auditd' data,,0,45810b50-7edc-42ca-813b-bdac02fb946b,sigma-rules/rules\linux\auditd\execve\lnx_auditd_hidden_zip_files_steganography.yml
Masquerading as Linux Crond Process,medium,linux,auditd,no,no table here carries 'auditd' data,,0,9d4548fa-bba0-4e88-bd66-5d5bf516cda0,sigma-rules/rules\linux\auditd\execve\lnx_auditd_masquerading_crond.yml
Modify System Firewall,medium,linux,auditd,no,no table here carries 'auditd' data,,0,323ff3f5-0013-4847-bbd4-250b5edb62cc,sigma-rules/rules\linux\auditd\execve\lnx_auditd_modify_system_firewall.yml
Network Sniffing - Linux,low,linux,auditd,no,no table here carries 'auditd' data,,0,f4d3748a-65d1-4806-bd23-e25728081d01,sigma-rules/rules\linux\auditd\execve\lnx_auditd_network_sniffing.yml
Screen Capture with Import Tool,low,linux,auditd,no,no table here carries 'auditd' data,,0,dbe4b9c5-c254-4258-9688-d6af0b7967fd,sigma-rules/rules\linux\auditd\execve\lnx_auditd_screencapture_import.yml
Screen Capture with Xwd,low,linux,auditd,no,no table here carries 'auditd' data,,0,e2f17c5d-b02a-442b-9052-6eb89c9fec9c,sigma-rules/rules\linux\auditd\execve\lnx_auditd_screencaputre_xwd.yml
Steganography Hide Files with Steghide,low,linux,auditd,no,no table here carries 'auditd' data,,0,ce446a9e-30b9-4483-8e38-d2c9ad0a2280,sigma-rules/rules\linux\auditd\execve\lnx_auditd_steghide_embed_steganography.yml
Steganography Extract Files with Steghide,low,linux,auditd,no,no table here carries 'auditd' data,,0,a5a827d9-1bbe-4952-9293-c59d897eb41b,sigma-rules/rules\linux\auditd\execve\lnx_auditd_steghide_extract_steganography.yml
Suspicious Commands Linux,medium,linux,auditd,no,no table here carries 'auditd' data,,0,1543ae20-cbdf-4ec1-8d12-7664d667a825,sigma-rules/rules\linux\auditd\execve\lnx_auditd_susp_cmds.yml
Suspicious History File Operations - Linux,medium,linux,auditd,no,no table here carries 'auditd' data,,0,eae8ce9f-bde9-47a6-8e79-f20d18419910,sigma-rules/rules\linux\auditd\execve\lnx_auditd_susp_histfile_operations.yml
Service Reload or Start - Linux,low,linux,auditd,no,no table here carries 'auditd' data,,0,2625cc59-0634-40d0-821e-cb67382a3dd7,sigma-rules/rules\linux\auditd\execve\lnx_auditd_susp_service_reload_or_restart.yml
System Shutdown/Reboot - Linux,informational,linux,auditd,no,no table here carries 'auditd' data,,0,4cb57c2f-1f29-41f8-893d-8bed8e1c1d2f,sigma-rules/rules\linux\auditd\execve\lnx_auditd_system_shutdown_reboot.yml
Steganography Unzip Hidden Information From Picture File,low,linux,auditd,no,no table here carries 'auditd' data,,0,edd595d7-7895-4fa7-acb3-85a18a8772ca,sigma-rules/rules\linux\auditd\execve\lnx_auditd_unzip_hidden_zip_files_steganography.yml
System Owner or User Discovery - Linux,low,linux,auditd,no,no table here carries 'auditd' data,,0,9a0d8ca0-2385-4020-b6c6-cb6153ca56f3,sigma-rules/rules\linux\auditd\execve\lnx_auditd_user_discovery.yml
Audio Capture,low,linux,auditd,no,no table here carries 'auditd' data,,0,a7af2487-9c2f-42e4-9bb9-ff961f0561d5,sigma-rules/rules\linux\auditd\lnx_auditd_audio_capture.yml
ASLR Disabled Via Sysctl or Direct Syscall - Linux,high,linux,auditd,no,no table here carries 'auditd' data,,0,e497a24e-9345-4a62-9803-b06d7d7cb132,sigma-rules/rules\linux\auditd\lnx_auditd_disable_aslr_protection.yml
Linux Keylogging with Pam.d,high,linux,auditd,no,no table here carries 'auditd' data,,0,49aae26c-450e-448b-911d-b3c13d178dfc,sigma-rules/rules\linux\auditd\lnx_auditd_keylogging_with_pam_d.yml
Password Policy Discovery - Linux,low,linux,auditd,no,no table here carries 'auditd' data,,0,ca94a6db-8106-4737-9ed2-3e3bb826af0a,sigma-rules/rules\linux\auditd\lnx_auditd_password_policy_discovery.yml
Suspicious C2 Activities,medium,linux,auditd,no,no table here carries 'auditd' data,,0,f7158a64-6204-4d6d-868a-6e6378b467e0,sigma-rules/rules\linux\auditd\lnx_auditd_susp_c2_commands.yml
System Information Discovery - Auditd,low,linux,auditd,no,no table here carries 'auditd' data,,0,f34047d9-20d3-4e8b-8672-0a35cc50dc71,sigma-rules/rules\linux\auditd\lnx_auditd_system_info_discovery.yml
Auditing Configuration Changes on Linux Host,high,linux,auditd,no,no table here carries 'auditd' data,,0,977ef627-4539-4875-adf4-ed8f780c4922,sigma-rules/rules\linux\auditd\path\lnx_auditd_auditing_config_change.yml
BPFDoor Abnormal Process ID or Lock File Accessed,high,linux,auditd,no,no table here carries 'auditd' data,,0,808146b2-9332-4d78-9416-d7e47012d83d,sigma-rules/rules\linux\auditd\path\lnx_auditd_bpfdoor_file_accessed.yml
Use Of Hidden Paths Or Files,low,linux,auditd,no,no table here carries 'auditd' data,,0,9e1bef8d-0fff-46f6-8465-9aa54e128c1e,sigma-rules/rules\linux\auditd\path\lnx_auditd_hidden_binary_execution.yml
Modification of ld.so.preload,high,linux,auditd,no,no table here carries 'auditd' data,,0,4b3cb710-5e83-4715-8c45-8b2b5b3e5751,sigma-rules/rules\linux\auditd\path\lnx_auditd_ld_so_preload_mod.yml
Logging Configuration Changes on Linux Host,high,linux,auditd,no,no table here carries 'auditd' data,,0,c830f15d-6f6e-430f-8074-6f73d6807841,sigma-rules/rules\linux\auditd\path\lnx_auditd_logging_config_change.yml
Potential Abuse of Linux Magic System Request Key,medium,linux,auditd,no,no table here carries 'auditd' data,,0,ea61bb82-a5e0-42e6-8537-91d29500f1b9,sigma-rules/rules\linux\auditd\path\lnx_auditd_magic_system_request_key.yml
System and Hardware Information Discovery,informational,linux,auditd,no,no table here carries 'auditd' data,,0,1f358e2e-cb63-43c3-b575-dfb072a6814f,sigma-rules/rules\linux\auditd\path\lnx_auditd_system_info_discovery2.yml
Systemd Service Creation,medium,linux,auditd,no,no table here carries 'auditd' data,,0,1bac86ba-41aa-4f62-9d6b-405eac99b485,sigma-rules/rules\linux\auditd\path\lnx_auditd_systemd_service_creation.yml
Unix Shell Configuration Modification,medium,linux,auditd,no,no table here carries 'auditd' data,,0,a94cdd87-6c54-4678-a6cc-2814ffe5a13d,sigma-rules/rules\linux\auditd\path\lnx_auditd_unix_shell_configuration_modification.yml
Disable System Firewall,high,linux,auditd,no,no table here carries 'auditd' data,,0,53059bc0-1472-438b-956a-7508a94a91f0,sigma-rules/rules\linux\auditd\service_stop\lnx_auditd_disable_system_firewall.yml
Clear or Disable Kernel Ring Buffer Logs via Syslog Syscall,medium,linux,auditd,no,no table here carries 'auditd' data,,0,eca5e022-d368-4043-98e5-9736fb01f72f,sigma-rules/rules\linux\auditd\syscall\lnx_auditd_clean_disable_dmesg_logs_via_syslog.yml
Creation Of An User Account,medium,linux,auditd,no,no table here carries 'auditd' data,,0,759d0d51-bc99-4b5e-9add-8f5b2c8e7512,sigma-rules/rules\linux\auditd\syscall\lnx_auditd_create_account.yml
Loading of Kernel Module via Insmod,high,linux,auditd,no,no table here carries 'auditd' data,,0,106d7cbd-80ff-4985-b682-a7043e5acb72,sigma-rules/rules\linux\auditd\syscall\lnx_auditd_load_module_insmod.yml
Linux Network Service Scanning - Auditd,low,linux,auditd,no,no table here carries 'auditd' data,,0,3761e026-f259-44e6-8826-719ed8079408,sigma-rules/rules\linux\auditd\syscall\lnx_auditd_network_service_scanning.yml
Split A File Into Pieces - Linux,low,linux,auditd,no,no table here carries 'auditd' data,,0,2dad0cba-c62a-4a4f-949f-5f6ecd619769,sigma-rules/rules\linux\auditd\syscall\lnx_auditd_split_file_into_pieces.yml
System Info Discovery via Sysinfo Syscall,low,linux,auditd,no,no table here carries 'auditd' data,,0,b207d563-a1d9-4275-b349-77d1eb55aa6d,sigma-rules/rules\linux\auditd\syscall\lnx_auditd_susp_discovery_sysinfo_syscall.yml
Program Executions in Suspicious Folders,medium,linux,auditd,no,no table here carries 'auditd' data,,0,a39d7fa7-3fbd-4dc2-97e1-d87f546b1bbc,sigma-rules/rules\linux\auditd\syscall\lnx_auditd_susp_exe_folders.yml
Special File Creation via Mknod Syscall,low,linux,auditd,no,no table here carries 'auditd' data,,0,710bdbce-495d-491d-9a8f-7d0d88d2b41e,sigma-rules/rules\linux\auditd\syscall\lnx_auditd_susp_special_file_creation_via_mknod_syscall.yml
Webshell Remote Command Execution,critical,linux,auditd,no,no table here carries 'auditd' data,,0,c0d3734d-330f-4a03-aae2-65dacc6a8222,sigma-rules/rules\linux\auditd\syscall\lnx_auditd_web_rce.yml
Relevant ClamAV Message,high,linux,clamav,no,no table here carries 'clamav' data,,0,36aa86ca-fd9d-4456-814e-d3b1b8e1e0bb,sigma-rules/rules\linux\builtin\clamav\lnx_clamav_relevant_message.yml
Modifying Crontab,medium,linux,cron,yes,,"VAR_LOG, CRON",201,af202fd3-7bff-4212-a25a-fb34606cfcbe,sigma-rules/rules\linux\builtin\cron\lnx_cron_crontab_file_modification.yml
Guacamole Two Users Sharing Session Anomaly,high,linux,guacamole,no,no table here carries 'guacamole' data,,0,1edd77db-0669-4fef-9598-165bda82826d,sigma-rules/rules\linux\builtin\guacamole\lnx_guacamole_susp_guacamole.yml
Equation Group Indicators,high,linux,,yes,,"PROCESSES, PROCESS_MASTER, AUTH_LOG, FAILED_LOGINS, PRIVILEGE_ACTIVITY, JOURNAL, VAR_LOG, CRON, WEB_LOG, SHELL_HISTORY, SYSTEMD_UNITS, KERNEL_MODULES, SOCKETS",0,41e5c73d-9983-4b69-bd03-e13b67e9623c,sigma-rules/rules\linux\builtin\lnx_apt_equationgroup_lnx.yml
Buffer Overflow Attempts,high,linux,,yes,,"PROCESSES, PROCESS_MASTER, AUTH_LOG, FAILED_LOGINS, PRIVILEGE_ACTIVITY, JOURNAL, VAR_LOG, CRON, WEB_LOG, SHELL_HISTORY, SYSTEMD_UNITS, KERNEL_MODULES, SOCKETS",0,18b042f0-2ecd-4b6e-9f8d-aa7a7e7de781,sigma-rules/rules\linux\builtin\lnx_buffer_overflows.yml
Commands to Clear or Remove the Syslog - Builtin,high,linux,,yes,,"PROCESSES, PROCESS_MASTER, AUTH_LOG, FAILED_LOGINS, PRIVILEGE_ACTIVITY, JOURNAL, VAR_LOG, CRON, WEB_LOG, SHELL_HISTORY, SYSTEMD_UNITS, KERNEL_MODULES, SOCKETS",0,e09eb557-96d2-4de9-ba2d-30f712a5afd3,sigma-rules/rules\linux\builtin\lnx_clear_syslog.yml
Remote File Copy,low,linux,,yes,,"PROCESSES, PROCESS_MASTER, AUTH_LOG, FAILED_LOGINS, PRIVILEGE_ACTIVITY, JOURNAL, VAR_LOG, CRON, WEB_LOG, SHELL_HISTORY, SYSTEMD_UNITS, KERNEL_MODULES, SOCKETS",219,7a14080d-a048-4de8-ae58-604ce58a795b,sigma-rules/rules\linux\builtin\lnx_file_copy.yml
Code Injection by ld.so Preload,high,linux,,yes,,"PROCESSES, PROCESS_MASTER, AUTH_LOG, FAILED_LOGINS, PRIVILEGE_ACTIVITY, JOURNAL, VAR_LOG, CRON, WEB_LOG, SHELL_HISTORY, SYSTEMD_UNITS, KERNEL_MODULES, SOCKETS",202,7e3c4651-c347-40c4-b1d4-d48590fdf684,sigma-rules/rules\linux\builtin\lnx_ldso_preload_injection.yml
Potential Suspicious BPF Activity - Linux,high,linux,,yes,,"PROCESSES, PROCESS_MASTER, AUTH_LOG, FAILED_LOGINS, PRIVILEGE_ACTIVITY, JOURNAL, VAR_LOG, CRON, WEB_LOG, SHELL_HISTORY, SYSTEMD_UNITS, KERNEL_MODULES, SOCKETS",0,0fadd880-6af3-4610-b1e5-008dc3a11b8a,sigma-rules/rules\linux\builtin\lnx_potential_susp_ebpf_activity.yml
Privileged User Has Been Created,high,linux,,yes,,"PROCESSES, PROCESS_MASTER, AUTH_LOG, FAILED_LOGINS, PRIVILEGE_ACTIVITY, JOURNAL, VAR_LOG, CRON, WEB_LOG, SHELL_HISTORY, SYSTEMD_UNITS, KERNEL_MODULES, SOCKETS",0,0ac15ec3-d24f-4246-aa2a-3077bb1cf90e,sigma-rules/rules\linux\builtin\lnx_privileged_user_creation.yml
Linux Command History Tampering,high,linux,,yes,,"PROCESSES, PROCESS_MASTER, AUTH_LOG, FAILED_LOGINS, PRIVILEGE_ACTIVITY, JOURNAL, VAR_LOG, CRON, WEB_LOG, SHELL_HISTORY, SYSTEMD_UNITS, KERNEL_MODULES, SOCKETS",0,fdc88d25-96fb-4b7c-9633-c0e417fdbd4e,sigma-rules/rules\linux\builtin\lnx_shell_clear_cmd_history.yml
Suspicious Activity in Shell Commands,high,linux,,yes,,"PROCESSES, PROCESS_MASTER, AUTH_LOG, FAILED_LOGINS, PRIVILEGE_ACTIVITY, JOURNAL, VAR_LOG, CRON, WEB_LOG, SHELL_HISTORY, SYSTEMD_UNITS, KERNEL_MODULES, SOCKETS",22,2aa1440c-9ae9-4d92-84a7-a9e5f5e31695,sigma-rules/rules\linux\builtin\lnx_shell_susp_commands.yml
Suspicious Log Entries,medium,linux,,yes,,"PROCESSES, PROCESS_MASTER, AUTH_LOG, FAILED_LOGINS, PRIVILEGE_ACTIVITY, JOURNAL, VAR_LOG, CRON, WEB_LOG, SHELL_HISTORY, SYSTEMD_UNITS, KERNEL_MODULES, SOCKETS",0,f64b6e9a-5d9d-48a5-8289-e1dd2b3876e1,sigma-rules/rules\linux\builtin\lnx_shell_susp_log_entries.yml
Suspicious Reverse Shell Command Line,high,linux,,yes,,"PROCESSES, PROCESS_MASTER, AUTH_LOG, FAILED_LOGINS, PRIVILEGE_ACTIVITY, JOURNAL, VAR_LOG, CRON, WEB_LOG, SHELL_HISTORY, SYSTEMD_UNITS, KERNEL_MODULES, SOCKETS",9,738d9bcf-6999-4fdb-b4ac-3033037db8ab,sigma-rules/rules\linux\builtin\lnx_shell_susp_rev_shells.yml
Shellshock Expression,high,linux,,yes,,"PROCESSES, PROCESS_MASTER, AUTH_LOG, FAILED_LOGINS, PRIVILEGE_ACTIVITY, JOURNAL, VAR_LOG, CRON, WEB_LOG, SHELL_HISTORY, SYSTEMD_UNITS, KERNEL_MODULES, SOCKETS",6,c67e0c98-4d39-46ee-8f6b-437ebf6b950e,sigma-rules/rules\linux\builtin\lnx_shellshock.yml
Suspicious Use of /dev/tcp,medium,linux,,yes,,"PROCESSES, PROCESS_MASTER, AUTH_LOG, FAILED_LOGINS, PRIVILEGE_ACTIVITY, JOURNAL, VAR_LOG, CRON, WEB_LOG, SHELL_HISTORY, SYSTEMD_UNITS, KERNEL_MODULES, SOCKETS",13,6cc5fceb-9a71-4c23-aeeb-963abe0b279c,sigma-rules/rules\linux\builtin\lnx_susp_dev_tcp.yml
JexBoss Command Sequence,high,linux,,no,no table here has the fields this rule reads,,0,8ec2c8b4-557a-4121-b87c-5dfb3a602fae,sigma-rules/rules\linux\builtin\lnx_susp_jexboss.yml
Symlink Etc Passwd,high,linux,,yes,,"PROCESSES, PROCESS_MASTER, AUTH_LOG, FAILED_LOGINS, PRIVILEGE_ACTIVITY, JOURNAL, VAR_LOG, CRON, WEB_LOG, SHELL_HISTORY, SYSTEMD_UNITS, KERNEL_MODULES, SOCKETS",0,c67fc22a-0be5-4b4f-aad5-2b32c4b69523,sigma-rules/rules\linux\builtin\lnx_symlink_etc_passwd.yml
Suspicious OpenSSH Daemon Error,medium,linux,sshd,yes,,"AUTH_LOG, FAILED_LOGINS",0,e76b413a-83d0-4b94-8e4c-85db4a5b8bdc,sigma-rules/rules\linux\builtin\sshd\lnx_sshd_susp_ssh.yml
Disabling Security Tools - Builtin,medium,linux,syslog,yes,,"AUTH_LOG, JOURNAL, VAR_LOG",0,49f5dfc1-f92e-4d34-96fa-feba3f6acf36,sigma-rules/rules\linux\builtin\syslog\lnx_syslog_security_tools_disabling_syslog.yml
Suspicious Named Error,high,linux,syslog,yes,,"AUTH_LOG, JOURNAL, VAR_LOG",0,c8e35e96-19ce-4f16-aeb6-fd5588dc5365,sigma-rules/rules\linux\builtin\syslog\lnx_syslog_susp_named.yml
Suspicious VSFTPD Error Messages,medium,linux,vsftpd,no,no table here carries 'vsftpd' data,,0,377f33a1-4b36-4ee1-acee-1dbe4b43cfbe,sigma-rules/rules\linux\builtin\vsftpd\lnx_vsftpd_susp_error_messages.yml
Linux Doas Conf File Creation,medium,linux,file_event,no,no table here carries 'file_event' data,,0,00eee2a5-fdb0-4746-a21d-e43fbdea5681,sigma-rules/rules\linux\file_event\file_event_lnx_doas_conf_creation.yml
Persistence Via Sudoers.d Files,medium,linux,file_event,no,no table here carries 'file_event' data,,0,ddb26b76-4447-4807-871f-1b035b2bfa5d,sigma-rules/rules\linux\file_event\file_event_lnx_persistence_sudoers_files.yml
New Cron File Created,low,linux,file_event,no,no table here carries 'file_event' data,,0,6c4e2f43-d94d-4ead-b64d-97e53fa2bd05,sigma-rules/rules\linux\file_event\file_event_lnx_susp_cron_file_created.yml
Suspicious Filename with Embedded Base64 Commands,high,linux,file_event,no,no table here carries 'file_event' data,,0,179b3686-6271-4d87-807d-17d843a8af73,sigma-rules/rules\linux\file_event\file_event_lnx_susp_filename_with_embedded_base64_command.yml
Potentially Suspicious Shell Script Creation in Profile Folder,low,linux,file_event,no,no table here carries 'file_event' data,,0,13f08f54-e705-4498-91fd-cce9d9cee9f1,sigma-rules/rules\linux\file_event\file_event_lnx_susp_shell_script_under_profile_directory.yml
Triple Cross eBPF Rootkit Default LockFile,high,linux,file_event,no,no table here carries 'file_event' data,,0,c0239255-822c-4630-b7f1-35362bcb8f44,sigma-rules/rules\linux\file_event\file_event_lnx_triple_cross_rootkit_lock_file.yml
Triple Cross eBPF Rootkit Default Persistence,high,linux,file_event,no,no table here carries 'file_event' data,,0,1a2ea919-d11d-4d1e-8535-06cda13be20f,sigma-rules/rules\linux\file_event\file_event_lnx_triple_cross_rootkit_persistence.yml
Wget Creating Files in Tmp Directory,medium,linux,file_event,no,no table here carries 'file_event' data,,0,35a05c60-9012-49b6-a11f-6bab741c9f74,sigma-rules/rules\linux\file_event\file_event_lnx_wget_download_file_in_tmp_dir.yml
Linux Reverse Shell Indicator,critical,linux,network_connection,yes,,SOCKETS,0,83dcd9f6-9ca8-4af7-a16e-a1c7a6b51871,sigma-rules/rules\linux\network_connection\net_connection_lnx_back_connect_shell_dev.yml
Linux Crypto Mining Pool Connections,high,linux,network_connection,no,no table here has the fields this rule reads,,0,a46c93b7-55ed-4d27-a41b-c259456c4746,sigma-rules/rules\linux\network_connection\net_connection_lnx_crypto_mining_indicators.yml
Communication To LocaltoNet Tunneling Service Initiated - Linux,high,linux,network_connection,no,no table here has the fields this rule reads,,0,c4568f5d-131f-4e78-83d4-45b2da0ec4f1,sigma-rules/rules\linux\network_connection\net_connection_lnx_domain_localtonet_tunnel.yml
Communication To Ngrok Tunneling Service - Linux,high,linux,network_connection,no,no table here has the fields this rule reads,,0,19bf6fdb-7721-4f3d-867f-53467f6a5db6,sigma-rules/rules\linux\network_connection\net_connection_lnx_ngrok_tunnel.yml
Shell Invocation via Apt - Linux,medium,linux,process_creation,yes,,PROCESSES,0,bb382fd5-b454-47ea-a264-1828e4c766d6,sigma-rules/rules\linux\process_creation\proc_creation_lnx_apt_shell_execution.yml
Scheduled Task/Job At,low,linux,process_creation,yes,,"PROCESSES, PROCESS_MASTER",2,d2d642d7-b393-43fe-bae4-e81ed5915c4b,sigma-rules/rules\linux\process_creation\proc_creation_lnx_at_command.yml
Audit Rules Deleted Via Auditctl,high,linux,process_creation,yes,,PROCESSES,0,bed26dea-4525-47f4-b24a-76e30e44ffb0,sigma-rules/rules\linux\process_creation\proc_creation_lnx_auditctl_clear_rules.yml
Kaspersky Endpoint Security Stopped Via CommandLine - Linux,high,linux,process_creation,yes,,PROCESSES,0,36388120-b3f1-4ce9-b50b-280d9a7f4c04,sigma-rules/rules\linux\process_creation\proc_creation_lnx_av_kaspersky_av_disabled.yml
Suspicious Invocation of Shell via AWK - Linux,high,linux,process_creation,yes,,PROCESSES,0,8c1a5675-cb85-452f-a298-b01b22a51856,sigma-rules/rules\linux\process_creation\proc_creation_lnx_awk_shell_spawn.yml
Decode Base64 Encoded Text,low,linux,process_creation,yes,,PROCESSES,0,e2072cab-8c9a-459b-b63c-40ae79e27031,sigma-rules/rules\linux\process_creation\proc_creation_lnx_base64_decode.yml
Linux Base64 Encoded Pipe to Shell,medium,linux,process_creation,yes,,PROCESSES,0,ba592c6d-6888-43c3-b8c6-689b8fe47337,sigma-rules/rules\linux\process_creation\proc_creation_lnx_base64_execution.yml
Linux Base64 Encoded Shebang In CLI,medium,linux,process_creation,yes,,PROCESSES,0,fe2f9663-41cb-47e2-b954-8a228f3b9dff,sigma-rules/rules\linux\process_creation\proc_creation_lnx_base64_shebang_cli.yml
Bash Interactive Shell,low,linux,process_creation,yes,,PROCESSES,0,6104e693-a7d6-4891-86cb-49a258523559,sigma-rules/rules\linux\process_creation\proc_creation_lnx_bash_interactive_shell.yml
Enable BPF Kprobes Tracing,medium,linux,process_creation,yes,,PROCESSES,0,7692f583-bd30-4008-8615-75dab3f08a99,sigma-rules/rules\linux\process_creation\proc_creation_lnx_bpf_kprob_tracing_enabled.yml
BPFtrace Unsafe Option Usage,medium,linux,process_creation,yes,,PROCESSES,0,f8341cb2-ee25-43fa-a975-d8a5a9714b39,sigma-rules/rules\linux\process_creation\proc_creation_lnx_bpftrace_unsafe_option_usage.yml
Linux Setgid Capability Set on a Binary via Setcap Utility,low,linux,process_creation,yes,,PROCESSES,0,3a716279-c18c-4488-83be-f9ececbfb9fc,sigma-rules/rules\linux\process_creation\proc_creation_lnx_cap_setgid.yml
Linux Setuid Capability Set on a Binary via Setcap Utility,low,linux,process_creation,yes,,PROCESSES,0,ed447910-bc30-4575-a598-3a2e49516a7a,sigma-rules/rules\linux\process_creation\proc_creation_lnx_cap_setuid.yml
Capabilities Discovery - Linux,low,linux,process_creation,yes,,PROCESSES,0,d8d97d51-122d-4cdd-9e2f-01b4b4933530,sigma-rules/rules\linux\process_creation\proc_creation_lnx_capa_discovery.yml
Capsh Shell Invocation - Linux,high,linux,process_creation,yes,,PROCESSES,0,db1ac3be-f606-4e3a-89e0-9607cbe6b98a,sigma-rules/rules\linux\process_creation\proc_creation_lnx_capsh_shell_invocation.yml
Remove Immutable File Attribute,medium,linux,process_creation,yes,,PROCESSES,0,34979410-e4b5-4e5d-8cfb-389fdff05c12,sigma-rules/rules\linux\process_creation\proc_creation_lnx_chattr_immutable_removal.yml
Chmod Targeting Sensitive Directories,medium,linux,process_creation,yes,,PROCESSES,0,6419afd1-3742-47a5-a7e6-b50386cd15f8,sigma-rules/rules\linux\process_creation\proc_creation_lnx_chmod_targeting_sensitive_directories.yml
Linux Sudo Chroot Execution,low,linux,process_creation,yes,,PROCESSES,0,f2bed782-994e-4f40-9cd5-518198cb3fba,sigma-rules/rules\linux\process_creation\proc_creation_lnx_chroot_execution.yml
Linux Logs Clearing Attempts,medium,linux,process_creation,yes,,PROCESSES,0,80915f59-9b56-4616-9de0-fd0dea6c12fe,sigma-rules/rules\linux\process_creation\proc_creation_lnx_clear_logs.yml
Syslog Clearing or Removal Via System Utilities,high,linux,process_creation,yes,,PROCESSES,0,3fcc9b35-39e4-44c0-a2ad-9e82b6902b31,sigma-rules/rules\linux\process_creation\proc_creation_lnx_clear_syslog.yml
Clipboard Collection with Xclip Tool,low,linux,process_creation,yes,,PROCESSES,0,ec127035-a636-4b9a-8555-0efd4e59f316,sigma-rules/rules\linux\process_creation\proc_creation_lnx_clipboard_collection.yml
Copy Passwd Or Shadow From TMP Path,high,linux,process_creation,yes,,PROCESSES,0,fa4aaed5-4fe0-498d-bbc0-08e3346387ba,sigma-rules/rules\linux\process_creation\proc_creation_lnx_cp_passwd_or_shadow_tmp.yml
Crontab Enumeration,low,linux,process_creation,yes,,PROCESSES,0,403ed92c-b7ec-4edd-9947-5b535ee12d46,sigma-rules/rules\linux\process_creation\proc_creation_lnx_crontab_enumeration.yml
Remove Scheduled Cron Task/Job,medium,linux,process_creation,yes,,PROCESSES,0,c2e234de-03a3-41e1-b39a-1e56dc17ba67,sigma-rules/rules\linux\process_creation\proc_creation_lnx_crontab_removal.yml
Linux Crypto Mining Indicators,high,linux,process_creation,yes,,PROCESSES,0,9069ea3c-b213-4c52-be13-86506a227ab1,sigma-rules/rules\linux\process_creation\proc_creation_lnx_crypto_mining.yml
Curl Usage on Linux,low,linux,process_creation,yes,,"PROCESSES, PROCESS_MASTER",0,ea34fb97-e2c4-4afb-810f-785e4459b194,sigma-rules/rules\linux\process_creation\proc_creation_lnx_curl_usage.yml
Suspicious Download and Execute Pattern via Curl/Wget,high,linux,process_creation,yes,,PROCESSES,0,a2d9e2f3-0f43-4c7a-bcd9-9acfc0d723aa,sigma-rules/rules\linux\process_creation\proc_creation_lnx_curl_wget_exec_tmp.yml
DD File Overwrite,low,linux,process_creation,yes,,PROCESSES,0,2953194b-e33c-4859-b9e8-05948c167447,sigma-rules/rules\linux\process_creation\proc_creation_lnx_dd_file_overwrite.yml
Potential Linux Process Code Injection Via DD Utility,medium,linux,process_creation,yes,,PROCESSES,0,4cad6c64-d6df-42d6-8dae-eb78defdc415,sigma-rules/rules\linux\process_creation\proc_creation_lnx_dd_process_injection.yml
UFW Disable Attempt,medium,linux,process_creation,yes,,PROCESSES,0,84c9e83c-599a-458a-a0cb-0ecce44e807a,sigma-rules/rules\linux\process_creation\proc_creation_lnx_disable_ufw.yml
Linux Doas Tool Execution,low,linux,process_creation,yes,,"PROCESSES, PROCESS_MASTER",0,067d8238-7127-451c-a9ec-fa78045b618b,sigma-rules/rules\linux\process_creation\proc_creation_lnx_doas_execution.yml
Shell Invocation via Env Command - Linux,high,linux,process_creation,yes,,PROCESSES,0,bed978f8-7f3a-432b-82c5-9286a9b3031a,sigma-rules/rules\linux\process_creation\proc_creation_lnx_env_shell_invocation.yml
ESXi Network Configuration Discovery Via ESXCLI,medium,linux,process_creation,yes,,PROCESSES,0,33e814e0-1f00-4e43-9c34-31fb7ae2b174,sigma-rules/rules\linux\process_creation\proc_creation_lnx_esxcli_network_discovery.yml
ESXi Admin Permission Assigned To Account Via ESXCLI,high,linux,process_creation,yes,,PROCESSES,0,9691f58d-92c1-4416-8bf3-2edd753ec9cf,sigma-rules/rules\linux\process_creation\proc_creation_lnx_esxcli_permission_change_admin.yml
ESXi Storage Information Discovery Via ESXCLI,medium,linux,process_creation,yes,,PROCESSES,0,f41dada5-3f56-4232-8503-3fb7f9cf2d60,sigma-rules/rules\linux\process_creation\proc_creation_lnx_esxcli_storage_discovery.yml
ESXi Syslog Configuration Change Via ESXCLI,medium,linux,process_creation,yes,,PROCESSES,0,38eb1dbb-011f-40b1-a126-cf03a0210563,sigma-rules/rules\linux\process_creation\proc_creation_lnx_esxcli_syslog_config_change.yml
ESXi System Information Discovery Via ESXCLI,medium,linux,process_creation,yes,,PROCESSES,0,e80273e1-9faf-40bc-bd85-dbaff104c4e9,sigma-rules/rules\linux\process_creation\proc_creation_lnx_esxcli_system_discovery.yml
ESXi Account Creation Via ESXCLI,medium,linux,process_creation,yes,,PROCESSES,0,b28e4eb3-8bbc-4f0c-819f-edfe8e2f25db,sigma-rules/rules\linux\process_creation\proc_creation_lnx_esxcli_user_account_creation.yml
ESXi VM List Discovery Via ESXCLI,medium,linux,process_creation,yes,,PROCESSES,0,5f1573a7-363b-4114-9208-ad7a61de46eb,sigma-rules/rules\linux\process_creation\proc_creation_lnx_esxcli_vm_discovery.yml
ESXi VM Kill Via ESXCLI,medium,linux,process_creation,yes,,PROCESSES,0,2992ac4d-31e9-4325-99f2-b18a73221bb2,sigma-rules/rules\linux\process_creation\proc_creation_lnx_esxcli_vm_kill.yml
ESXi VSAN Information Discovery Via ESXCLI,medium,linux,process_creation,yes,,PROCESSES,0,d54c2f06-aca9-4e2b-81c9-5317858f4b79,sigma-rules/rules\linux\process_creation\proc_creation_lnx_esxcli_vsan_discovery.yml
File and Directory Discovery - Linux,informational,linux,process_creation,yes,,"PROCESSES, PROCESS_MASTER",0,d3feb4ee-ff1d-4d3d-bd10-5b28a238cc72,sigma-rules/rules\linux\process_creation\proc_creation_lnx_file_and_directory_discovery.yml
File Deletion,informational,linux,process_creation,yes,,"PROCESSES, PROCESS_MASTER",0,30aed7b6-d2c1-4eaf-9382-b6bc43e50c57,sigma-rules/rules\linux\process_creation\proc_creation_lnx_file_deletion.yml
Shell Execution via Find - Linux,high,linux,process_creation,yes,,PROCESSES,0,6adfbf8f-52be-4444-9bac-81b539624146,sigma-rules/rules\linux\process_creation\proc_creation_lnx_find_shell_execution.yml
Shell Execution via Flock - Linux,high,linux,process_creation,yes,,PROCESSES,0,4b09c71e-4269-4111-9cdd-107d8867f0cc,sigma-rules/rules\linux\process_creation\proc_creation_lnx_flock_shell_execution.yml
Shell Execution GCC  - Linux,high,linux,process_creation,yes,,PROCESSES,0,9b5de532-a757-4d70-946c-1f3e44f48b4d,sigma-rules/rules\linux\process_creation\proc_creation_lnx_gcc_shell_execution.yml
Shell Execution via Git - Linux,high,linux,process_creation,no,no table here has the fields this rule reads,,0,47b3bbd4-1bf7-48cc-84ab-995362aaa75a,sigma-rules/rules\linux\process_creation\proc_creation_lnx_git_shell_execution.yml
OS Architecture Discovery Via Grep,low,linux,process_creation,yes,,PROCESSES,0,d27ab432-2199-483f-a297-03633c05bae6,sigma-rules/rules\linux\process_creation\proc_creation_lnx_grep_os_arch_discovery.yml
Group Has Been Deleted Via Groupdel,medium,linux,process_creation,yes,,"PROCESSES, PROCESS_MASTER",0,8a46f16c-8c4c-82d1-b121-0fdd3ba70a84,sigma-rules/rules\linux\process_creation\proc_creation_lnx_groupdel.yml
Install Root Certificate,low,linux,process_creation,yes,,"PROCESSES, PROCESS_MASTER",0,78a80655-a51e-4669-bc6b-e9d206a462ee,sigma-rules/rules\linux\process_creation\proc_creation_lnx_install_root_certificate.yml
Suspicious Package Installed - Linux,medium,linux,process_creation,yes,,PROCESSES,0,700fb7e8-2981-401c-8430-be58e189e741,sigma-rules/rules\linux\process_creation\proc_creation_lnx_install_suspicious_packages.yml
Flush Iptables Ufw Chain,medium,linux,process_creation,yes,,PROCESSES,0,3be619f4-d9ec-4ea8-a173-18fdd01996ab,sigma-rules/rules\linux\process_creation\proc_creation_lnx_iptables_flush_ufw.yml
Local System Accounts Discovery - Linux,low,linux,process_creation,yes,,"PROCESSES, PROCESS_MASTER",0,b45e3d6f-42c6-47d8-a478-df6bd6cf534c,sigma-rules/rules\linux\process_creation\proc_creation_lnx_local_account.yml
Local Groups Discovery - Linux,low,linux,process_creation,yes,,"PROCESSES, PROCESS_MASTER",0,676381a6-15ca-4d73-a9c8-6a22e970b90d,sigma-rules/rules\linux\process_creation\proc_creation_lnx_local_groups.yml
Potential GobRAT File Discovery Via Grep,high,linux,process_creation,yes,,PROCESSES,0,e34cfa0c-0a50-4210-9cb3-5632d08eb041,sigma-rules/rules\linux\process_creation\proc_creation_lnx_malware_gobrat_grep_payload_discovery.yml
Named Pipe Created Via Mkfifo,low,linux,process_creation,yes,,"PROCESSES, PROCESS_MASTER",0,9d779ce8-5256-4b13-8b6f-b91c602b43f4,sigma-rules/rules\linux\process_creation\proc_creation_lnx_mkfifo_named_pipe_creation.yml
Potentially Suspicious Named Pipe Created Via Mkfifo,medium,linux,process_creation,yes,,PROCESSES,0,999c3b12-0a8c-40b6-8e13-dd7d62b75c7a,sigma-rules/rules\linux\process_creation\proc_creation_lnx_mkfifo_named_pipe_creation_susp_location.yml
Mount Execution With Hidepid Parameter,medium,linux,process_creation,yes,,PROCESSES,0,ec52985a-d024-41e3-8ff6-14169039a0b3,sigma-rules/rules\linux\process_creation\proc_creation_lnx_mount_hidepid.yml
Potential Netcat Reverse Shell Execution,high,linux,process_creation,yes,,PROCESSES,0,7f734ed0-4f47-46c0-837f-6ee62505abd9,sigma-rules/rules\linux\process_creation\proc_creation_lnx_netcat_reverse_shell.yml
Shell Execution via Nice - Linux,high,linux,process_creation,yes,,PROCESSES,0,093d68c7-762a-42f4-9f46-95e79142571a,sigma-rules/rules\linux\process_creation\proc_creation_lnx_nice_shell_execution.yml
Nohup Execution,medium,linux,process_creation,yes,,"PROCESSES, PROCESS_MASTER",0,e4ffe466-6ff8-48d4-94bd-e32d1a6061e2,sigma-rules/rules\linux\process_creation\proc_creation_lnx_nohup.yml
Suspicious Nohup Execution,high,linux,process_creation,yes,,PROCESSES,0,457df417-8b9d-4912-85f3-9dbda39c3645,sigma-rules/rules\linux\process_creation\proc_creation_lnx_nohup_susp_execution.yml
OMIGOD SCX RunAsProvider ExecuteScript,high,linux,process_creation,no,no table here has the fields this rule reads,,0,6eea1bf6-f8d2-488a-a742-e6ef6c1b67db,sigma-rules/rules\linux\process_creation\proc_creation_lnx_omigod_scx_runasprovider_executescript.yml
OMIGOD SCX RunAsProvider ExecuteShellCommand,high,linux,process_creation,no,no table here has the fields this rule reads,,0,21541900-27a9-4454-9c4c-3f0a4240344a,sigma-rules/rules\linux\process_creation\proc_creation_lnx_omigod_scx_runasprovider_executeshellcommand.yml
Potential Perl Reverse Shell Execution,high,linux,process_creation,yes,,PROCESSES,0,259df6bc-003f-4306-9f54-4ff1a08fa38e,sigma-rules/rules\linux\process_creation\proc_creation_lnx_perl_reverse_shell.yml
Potential PHP Reverse Shell,high,linux,process_creation,yes,,PROCESSES,0,c6714a24-d7d5-4283-a36b-3ffd091d5f7e,sigma-rules/rules\linux\process_creation\proc_creation_lnx_php_reverse_shell.yml
Pnscan Binary Data Transmission Activity,medium,linux,process_creation,yes,,PROCESSES,0,97de11cd-4b67-4abf-9a8b-1020e670aa9e,sigma-rules/rules\linux\process_creation\proc_creation_lnx_pnscan_binary_cli_pattern.yml
Connection Proxy,low,linux,process_creation,yes,,PROCESSES,0,72f4ab3f-787d-495d-a55d-68c2ff46cf4c,sigma-rules/rules\linux\process_creation\proc_creation_lnx_proxy_connection.yml
PUA - TruffleHog Execution - Linux,medium,linux,process_creation,yes,,"PROCESSES, PROCESS_MASTER",0,d7a650c4-226c-451e-948f-cc490db506aa,sigma-rules/rules\linux\process_creation\proc_creation_lnx_pua_trufflehog.yml
Python One-Liners with Base64 Decoding - Linux,high,linux,process_creation,yes,,PROCESSES,0,55e862a8-dd9c-4651-807a-f21fcad56716,sigma-rules/rules\linux\process_creation\proc_creation_lnx_python_base64_encoded_execution.yml
Python WebServer Execution - Linux,medium,linux,process_creation,yes,,PROCESSES,0,3f0f5957-04f8-4792-ad89-192b0303bde6,sigma-rules/rules\linux\process_creation\proc_creation_lnx_python_http_server_execution.yml
Python Spawning Pretty TTY Via PTY Module,medium,linux,process_creation,yes,,PROCESSES,0,c4042d54-110d-45dd-a0e1-05c47822c937,sigma-rules/rules\linux\process_creation\proc_creation_lnx_python_pty_spawn.yml
Python Reverse Shell Execution Via PTY And Socket Modules,high,linux,process_creation,yes,,PROCESSES,0,32e62bc7-3de0-4bb1-90af-532978fe42c0,sigma-rules/rules\linux\process_creation\proc_creation_lnx_python_reverse_shell.yml
Inline Python Execution - Spawn Shell Via OS System Library,high,linux,process_creation,yes,,PROCESSES,0,2d2f44ff-4611-4778-a8fc-323a0e9850cc,sigma-rules/rules\linux\process_creation\proc_creation_lnx_python_shell_os_system.yml
Remote Access Tool - Team Viewer Session Started On Linux Host,low,linux,process_creation,no,no table here has the fields this rule reads,,0,1f6b8cd4-3e60-47cc-b282-5aa1cbc9182d,sigma-rules/rules\linux\process_creation\proc_creation_lnx_remote_access_tools_teamviewer_incoming_connection.yml
Linux Remote System Discovery,low,linux,process_creation,yes,,PROCESSES,0,11063ec2-de63-4153-935e-b1a8b9e616f1,sigma-rules/rules\linux\process_creation\proc_creation_lnx_remote_system_discovery.yml
Linux Package Uninstall,low,linux,process_creation,yes,,PROCESSES,0,95d61234-7f56-465c-6f2d-b562c6fedbc4,sigma-rules/rules\linux\process_creation\proc_creation_lnx_remove_package.yml
Shell Execution via Rsync - Linux,high,linux,process_creation,yes,,PROCESSES,0,e2326866-609f-4015-aea9-7ec634e8aa04,sigma-rules/rules\linux\process_creation\proc_creation_lnx_rsync_shell_execution.yml
Suspicious Invocation of Shell via Rsync,high,linux,process_creation,no,no table here has the fields this rule reads,,0,297241f3-8108-4b3a-8c15-2dda9f844594,sigma-rules/rules\linux\process_creation\proc_creation_lnx_rsync_shell_spawn.yml
Potential Ruby Reverse Shell,medium,linux,process_creation,yes,,PROCESSES,0,b8bdac18-c06e-4016-ac30-221553e74f59,sigma-rules/rules\linux\process_creation\proc_creation_lnx_ruby_reverse_shell.yml
Scheduled Cron Task/Job - Linux,medium,linux,process_creation,yes,,PROCESSES,0,6b14bac8-3e3a-4324-8109-42f0546a347f,sigma-rules/rules\linux\process_creation\proc_creation_lnx_schedule_task_job_cron.yml
Security Software Discovery - Linux,low,linux,process_creation,yes,,PROCESSES,0,c9d8b7fd-78e4-44fe-88f6-599135d46d60,sigma-rules/rules\linux\process_creation\proc_creation_lnx_security_software_discovery.yml
Disabling Security Tools,medium,linux,process_creation,yes,,PROCESSES,0,e3a8a052-111f-4606-9aee-f28ebeb76776,sigma-rules/rules\linux\process_creation\proc_creation_lnx_security_tools_disabling.yml
Disable Or Stop Services,medium,linux,process_creation,yes,,PROCESSES,0,de25eeb8-3655-4643-ac3a-b662d3f26b6b,sigma-rules/rules\linux\process_creation\proc_creation_lnx_services_stop_and_disable.yml
Setuid and Setgid,low,linux,process_creation,yes,,PROCESSES,0,c21c4eaa-ba2e-419a-92b2-8371703cbe21,sigma-rules/rules\linux\process_creation\proc_creation_lnx_setgid_setuid.yml
Shell Invocation Via Ssh - Linux,high,linux,process_creation,yes,,PROCESSES,0,8737b7f6-8df3-4bb7-b1da-06019b99b687,sigma-rules/rules\linux\process_creation\proc_creation_lnx_ssh_shell_execution.yml
Potential Linux Amazon SSM Agent Hijacking,medium,linux,process_creation,yes,,PROCESSES,0,f9b3edc5-3322-4fc7-8aa3-245d646cc4b7,sigma-rules/rules\linux\process_creation\proc_creation_lnx_ssm_agent_abuse.yml
Container Residence Discovery Via Proc Virtual FS,low,linux,process_creation,yes,,PROCESSES,0,746c86fb-ccda-4816-8997-01386263acc4,sigma-rules/rules\linux\process_creation\proc_creation_lnx_susp_container_residence_discovery.yml
Suspicious Curl File Upload - Linux,medium,linux,process_creation,yes,,PROCESSES,0,00b90cc1-17ec-402c-96ad-3a8117d7a582,sigma-rules/rules\linux\process_creation\proc_creation_lnx_susp_curl_fileupload.yml
Suspicious Curl Change User Agents - Linux,medium,linux,process_creation,yes,,PROCESSES,0,b86d356d-6093-443d-971c-9b07db583c68,sigma-rules/rules\linux\process_creation\proc_creation_lnx_susp_curl_useragent.yml
Docker Container Discovery Via Dockerenv Listing,low,linux,process_creation,yes,,PROCESSES,0,11701de9-d5a5-44aa-8238-84252f131895,sigma-rules/rules\linux\process_creation\proc_creation_lnx_susp_dockerenv_recon.yml
Process Execution From Shared Memory Directory,high,linux,process_creation,yes,,"PROCESSES, PROCESS_MASTER",0,5cd16c8f-44a6-4654-81e7-a84d6db507d4,sigma-rules/rules\linux\process_creation\proc_creation_lnx_susp_exec_from_dev_shm.yml
Potentially Suspicious Execution From Tmp Folder,medium,linux,process_creation,yes,,"PROCESSES, PROCESS_MASTER",2,312b42b1-bded-4441-8b58-163a3af58775,sigma-rules/rules\linux\process_creation\proc_creation_lnx_susp_execution_tmp_folder.yml
Potential Discovery Activity Using Find - Linux,medium,linux,process_creation,yes,,PROCESSES,0,8344c0e5-5783-47cc-9cf9-a0f7fd03e6cf,sigma-rules/rules\linux\process_creation\proc_creation_lnx_susp_find_execution.yml
Suspicious Git Clone - Linux,medium,linux,process_creation,yes,,PROCESSES,0,cfec9d29-64ec-4a0f-9ffe-0fdb856d5446,sigma-rules/rules\linux\process_creation\proc_creation_lnx_susp_git_clone.yml
History File Deletion,high,linux,process_creation,yes,,PROCESSES,0,1182f3b3-e716-4efa-99ab-d2685d04360f,sigma-rules/rules\linux\process_creation\proc_creation_lnx_susp_history_delete.yml
Print History File Contents,medium,linux,process_creation,yes,,PROCESSES,0,d7821ff1-4527-4e33-9f84-d0d57fa2fb66,sigma-rules/rules\linux\process_creation\proc_creation_lnx_susp_history_recon.yml
Linux HackTool Execution,high,linux,process_creation,yes,,"PROCESSES, PROCESS_MASTER",0,a015e032-146d-4717-8944-7a1884122111,sigma-rules/rules\linux\process_creation\proc_creation_lnx_susp_hktl_execution.yml
Potential Container Discovery Via Inodes Listing,low,linux,process_creation,yes,,PROCESSES,0,43e26eb5-cd58-48d1-8ce9-a273f5d298d8,sigma-rules/rules\linux\process_creation\proc_creation_lnx_susp_inod_listing.yml
Interactive Bash Suspicious Children,medium,linux,process_creation,no,no table here has the fields this rule reads,,0,ea3ecad2-db86-4a89-ad0b-132a10d2db55,sigma-rules/rules\linux\process_creation\proc_creation_lnx_susp_interactive_bash.yml
Suspicious Java Children Processes,high,linux,process_creation,no,no table here has the fields this rule reads,,0,d292e0af-9a18-420c-9525-ec0ac3936892,sigma-rules/rules\linux\process_creation\proc_creation_lnx_susp_java_children.yml
Linux Network Service Scanning Tools Execution,low,linux,process_creation,yes,,"PROCESSES, PROCESS_MASTER",0,3e102cd9-a70d-4a7a-9508-403963092f31,sigma-rules/rules\linux\process_creation\proc_creation_lnx_susp_network_utilities_execution.yml
Linux Shell Pipe to Shell,medium,linux,process_creation,yes,,PROCESSES,0,880973f3-9708-491c-a77b-2a35a1921158,sigma-rules/rules\linux\process_creation\proc_creation_lnx_susp_pipe_shell.yml
Access of Sudoers File Content,medium,linux,process_creation,yes,,PROCESSES,0,0f79c4d2-4e1f-4683-9c36-b5469a665e06,sigma-rules/rules\linux\process_creation\proc_creation_lnx_susp_process_reading_sudoers.yml
Linux Recon Indicators,high,linux,process_creation,yes,,PROCESSES,0,0cf7a157-8879-41a2-8f55-388dd23746b7,sigma-rules/rules\linux\process_creation\proc_creation_lnx_susp_recon_indicators.yml
Script Interpreter Spawning Credential Scanner - Linux,high,linux,process_creation,no,no table here has the fields this rule reads,,0,f0025a69-e1b7-4dda-a53c-db21fa2d4071,sigma-rules/rules\linux\process_creation\proc_creation_lnx_susp_script_interpretor_spawn_credential_scanner.yml
Potential Suspicious Change To Sensitive/Critical Files,medium,linux,process_creation,yes,,PROCESSES,0,86157017-c2b1-4d4a-8c33-93b8e67e4af4,sigma-rules/rules\linux\process_creation\proc_creation_lnx_susp_sensitive_file_access.yml
Shell Execution Of Process Located In Tmp Directory,high,linux,process_creation,no,no table here has the fields this rule reads,,0,2fade0b6-7423-4835-9d4f-335b39b83867,sigma-rules/rules\linux\process_creation\proc_creation_lnx_susp_shell_child_process_from_parent_tmp_folder.yml
Execution Of Script Located In Potentially Suspicious Directory,medium,linux,process_creation,yes,,PROCESSES,0,30bcce26-51c5-49f2-99c8-7b59e3af36c7,sigma-rules/rules\linux\process_creation\proc_creation_lnx_susp_shell_script_exec_from_susp_location.yml
System Information Discovery,informational,linux,process_creation,yes,,"PROCESSES, PROCESS_MASTER",0,42df45e7-e6e9-43b5-8f26-bec5b39cc239,sigma-rules/rules\linux\process_creation\proc_creation_lnx_system_info_discovery.yml
