path,kind,basename,in_distro_baseline,mode,uid,owner,gid,group,size,mtime_utc,md5,source
/bin/fusermount,suid,fusermount,yes,-rwxr-xr-x,0,root,0,root,30800,2016-08-11 12:52:18,38982d3a6b85474ba99b204a0fbb0f0f,live_response/system/suid.txt
/bin/mount,suid,mount,yes,-rwxr-xr-x,0,root,0,root,43088,2020-09-16 18:43:15,8b35a257b50687d61a25b22cad610d1a,live_response/system/suid.txt
/bin/ping,suid,ping,yes,-rwxr-xr-x,0,root,0,root,64424,2019-06-28 11:05:23,f0a5aa4f96f4a1a102af6bcecbc2ed32,live_response/system/suid.txt
/bin/su,suid,su,yes,-rwxr-xr-x,0,root,0,root,44664,2019-03-22 19:05:38,8229572371cd023b526820856db08133,live_response/system/suid.txt
/bin/umount,suid,umount,yes,-rwxr-xr-x,0,root,0,root,26696,2020-09-16 18:43:15,d3b433c15f78169ea58edb11ce3176ba,live_response/system/suid.txt
/sbin/mount.cifs,suid,mount.cifs,no,-rwxr-xr-x,0,root,0,root,35600,2020-09-10 01:31:09,6ac12b8b7285f29dff0372d7fe64e67b,live_response/system/suid.txt
/usr/bin/at,suid,at,yes,-rwxr-xr-x,1,daemon,1,daemon,51464,2018-02-20 06:59:43,fc915cfcecc42b901478806e9c7d043c,live_response/system/suid.txt
/usr/bin/chfn,suid,chfn,yes,-rwxr-xr-x,0,root,0,root,76496,2019-03-22 19:05:38,847f5f9d4bcfdd1eedd456a8381da4b9,live_response/system/suid.txt
/usr/bin/chsh,suid,chsh,yes,-rwxr-xr-x,0,root,0,root,44528,2019-03-22 19:05:38,5f7cb2fcfb1b889167b0678741643a52,live_response/system/suid.txt
/usr/bin/gpasswd,suid,gpasswd,yes,-rwxr-xr-x,0,root,0,root,75824,2019-03-22 19:05:38,f52764b12273283daa9a48b9784923fb,live_response/system/suid.txt
/usr/bin/newgidmap,suid,newgidmap,no,-rwxr-xr-x,0,root,0,root,37136,2019-03-22 19:05:38,545257e78b0c1f3aa48934d87c4fc432,live_response/system/suid.txt
/usr/bin/newgrp,suid,newgrp,yes,-rwxr-xr-x,0,root,0,root,40344,2019-03-22 19:05:38,433c0ea6219a9033f0e35c5b9d86715f,live_response/system/suid.txt
/usr/bin/newuidmap,suid,newuidmap,no,-rwxr-xr-x,0,root,0,root,37136,2019-03-22 19:05:38,ef52aa645591dac6c9d5f146fdd10c28,live_response/system/suid.txt
/usr/bin/passwd,suid,passwd,yes,-rwxr-xr-x,0,root,0,root,59640,2019-03-22 19:05:38,ca7855cfe1a2d0a81e9aa419ee26c5bb,live_response/system/suid.txt
/usr/bin/pkexec,suid,pkexec,yes,-rwxr-xr-x,0,root,0,root,22520,2019-03-27 13:57:02,82e49bcd58e550a97a5c7dcc9bbf140b,live_response/system/suid.txt
/usr/bin/sudo,suid,sudo,yes,-rwxr-xr-x,0,root,0,root,149080,2021-01-19 14:36:00,91f3165fb11a4e0d4d17be51f8c49073,live_response/system/suid.txt
/usr/bin/traceroute6.iputils,suid,traceroute6.iputils,yes,-rwxr-xr-x,0,root,0,root,18448,2019-06-28 11:05:23,06e65f8051faeef7d6f9c9586beda4cf,live_response/system/suid.txt
/usr/lib/dbus-1.0/dbus-daemon-launch-helper,suid,dbus-daemon-launch-helper,yes,-rwxr-xr--,0,root,107,messagebus,42992,2020-06-11 18:25:30,132377617bb4e1d8e91012bf243b37c2,live_response/system/suid.txt
/usr/lib/eject/dmcrypt-get-device,suid,dmcrypt-get-device,yes,-rwxr-xr-x,0,root,0,root,10232,2017-03-28 04:22:15,e763780c7e19096d477b136c627798a1,live_response/system/suid.txt
/usr/lib/openssh/ssh-keysign,suid,ssh-keysign,yes,-rwxr-xr-x,0,root,0,root,436552,2021-08-11 18:02:09,7ad593633cae9d32d83096d3f6ce1318,live_response/system/suid.txt
/usr/lib/policykit-1/polkit-agent-helper-1,suid,polkit-agent-helper-1,no,-rwxr-xr-x,0,root,0,root,14328,2019-03-27 13:57:02,631a2abed33802445363254ad3c68adb,live_response/system/suid.txt
/usr/lib/snapd/snap-confine,suid,snap-confine,yes,-rwxr-xr-x,0,root,0,root,117880,2021-06-15 10:45:08,d11fe4c454147088f788afad7f822734,live_response/system/suid.txt
/usr/lib/x86_64-linux-gnu/lxc/lxc-user-nic,suid,lxc-user-nic,yes,-rwxr-xr-x,0,root,0,root,100760,2018-11-23 04:49:34,ba6aff74bac5fe323a4517054b32acc9,live_response/system/suid.txt
/sbin/pam_extrausers_chkpwd,sgid,pam_extrausers_chkpwd,no,-rwxr-xr-x,0,root,42,shadow,34816,2021-04-08 11:27:58,4e8de9843381279daf7946c67db65afb,live_response/system/sgid.txt
/sbin/unix_chkpwd,sgid,unix_chkpwd,yes,-rwxr-xr-x,0,root,42,shadow,34816,2021-04-08 11:27:58,cad6cacb96dc7e9bbb0f22a611fba001,live_response/system/sgid.txt
/usr/bin/at,sgid,at,yes,-rwxr-xr-x,1,daemon,1,daemon,51464,2018-02-20 06:59:43,fc915cfcecc42b901478806e9c7d043c,live_response/system/sgid.txt
/usr/bin/bsd-write,sgid,bsd-write,no,-rwxr-xr-x,0,root,5,tty,14328,2018-01-17 11:27:24,494e6f2f38eafe110ca31fa359030664,live_response/system/sgid.txt
/usr/bin/chage,sgid,chage,yes,-rwxr-xr-x,0,root,42,shadow,71816,2019-03-22 19:05:38,572e29027852146699918eedc4ced392,live_response/system/sgid.txt
/usr/bin/crontab,sgid,crontab,yes,-rwxr-xr-x,0,root,105,crontab,39352,2017-11-16 05:29:19,d6c27617efc5bead4ea004217290377b,live_response/system/sgid.txt
/usr/bin/expiry,sgid,expiry,yes,-rwxr-xr-x,0,root,42,shadow,22808,2019-03-22 19:05:38,b79758609914cf2eba2dd75d22e38bd8,live_response/system/sgid.txt
/usr/bin/mlocate,sgid,mlocate,no,-rwxr-xr-x,0,root,109,mlocate,43088,2018-03-01 16:07:16,5346c6affe5bdd3007dd4403d564fd1b,live_response/system/sgid.txt
/usr/bin/ssh-agent,sgid,ssh-agent,yes,-rwxr-xr-x,0,root,111,ssh,362640,2021-08-11 18:02:09,c8cfec85d56ad147fcfa38bdfad0cf72,live_response/system/sgid.txt
/usr/bin/wall,sgid,wall,yes,-rwxr-xr-x,0,root,5,tty,30800,2020-09-16 18:43:15,d34819dd5f64dbaca73303f07546664d,live_response/system/sgid.txt
/usr/lib/x86_64-linux-gnu/utempter/utempter,sgid,utempter,yes,-rwxr-xr-x,0,root,43,utmp,10232,2016-03-11 12:53:55,bbd6c241b881b593a54b4af3008e1657,live_response/system/sgid.txt
