unit,unit_type,path,scope,description,exec_start,running_pids,exec_start_pre,exec_stop,user,environment,environment_file,wanted_by,required_by,listen,watch_path,restart,enabled_link
accounts-daemon.service,service,/lib/systemd/system/accounts-daemon.service,vendor,Accounts Service,/usr/lib/accountsservice/accounts-daemon,1065,,,,GVFS_DISABLE_FUSE=1 | GIO_USE_VFS=local | GVFS_REMOTE_VOLUME_MONITOR_IGNORE=1,,graphical.target,,,,,
acpid.path,path,/lib/systemd/system/acpid.path,vendor,ACPI Events Check,,,,,,,,paths.target,,,/etc/acpi/events/,,
acpid.service,service,/lib/systemd/system/acpid.service,vendor,ACPI event daemon,/usr/sbin/acpid $OPTIONS,,,,,,/etc/default/acpid,multi-user.target,,,,,
acpid.socket,socket,/lib/systemd/system/acpid.socket,vendor,ACPID Listen Socket,,,,,,,,sockets.target,,/run/acpid.socket,,,
apparmor.service,service,/lib/systemd/system/apparmor.service,vendor,AppArmor initialization,/etc/init.d/apparmor start,,,/etc/init.d/apparmor stop,,,,sysinit.target,,,,,
apport-autoreport.path,path,/lib/systemd/system/apport-autoreport.path,vendor,Process error reports when automatic reporting is enabled (file watch),,,,,,,,paths.target,,,,,
apport-autoreport.service,service,/lib/systemd/system/apport-autoreport.service,vendor,Process error reports when automatic reporting is enabled,/usr/share/apport/whoopsie-upload-all,,,,,,,,,,,,
apport-forward.socket,socket,/lib/systemd/system/apport-forward.socket,vendor,Unix socket for apport crash forwarding,,,,,,,,sockets.target,,/run/apport.socket,,,
apport-forward@.service,service,/lib/systemd/system/apport-forward@.service,vendor,Apport crash forwarding receiver,/usr/share/apport/apport,,,,,,,,,,,,
apt-daily-upgrade.service,service,/lib/systemd/system/apt-daily-upgrade.service,vendor,Daily apt upgrade and clean activities,/usr/lib/apt/apt.systemd.daily install,,,,,,,,,,,,
apt-daily-upgrade.timer,timer,/lib/systemd/system/apt-daily-upgrade.timer,vendor,Daily apt upgrade and clean activities,,,,,,,,timers.target,,,,,
apt-daily.service,service,/lib/systemd/system/apt-daily.service,vendor,Daily apt download activities,/usr/lib/apt/apt.systemd.daily update,,-/usr/lib/apt/apt-helper wait-online,,,,,,,,,,
apt-daily.timer,timer,/lib/systemd/system/apt-daily.timer,vendor,Daily apt download activities,,,,,,,,timers.target,,,,,
atd.service,service,/lib/systemd/system/atd.service,vendor,Deferred execution scheduler,/usr/sbin/atd -f,1003,,,,,,multi-user.target,,,,,
azure-vmextensions.slice,slice,/lib/systemd/system/azure-vmextensions.slice,vendor,Slice for Azure VM Extensions,,,,,,,,,,,,,
azure-walinuxagent-logcollector.slice,slice,/lib/systemd/system/azure-walinuxagent-logcollector.slice,vendor,Slice for Azure VM Agent Periodic Log Collector,,,,,,,,,,,,,
azure.slice,slice,/lib/systemd/system/azure.slice,vendor,Slice for Azure VM Agent and Extensions,,,,,,,,,,,,,
basic.target,target,/lib/systemd/system/basic.target,vendor,Basic System,,,,,,,,,,,,,
blk-availability.service,service,/lib/systemd/system/blk-availability.service,vendor,Availability of block devices,/bin/true,,,/sbin/blkdeactivate -u -l wholevg -m disablequeueing -r wait,,,,sysinit.target,,,,,
bluetooth.target,target,/lib/systemd/system/bluetooth.target,vendor,Bluetooth,,,,,,,,,,,,,
cloud-config.service,service,/lib/systemd/system/cloud-config.service,vendor,Apply the settings specified in cloud-config,/usr/bin/cloud-init modules --mode=config,,,,,,,cloud-init.target,,,,,
cloud-config.target,target,/lib/systemd/system/cloud-config.target,vendor,Cloud-config availability,,,,,,,,,,,,,
cloud-final.service,service,/lib/systemd/system/cloud-final.service,vendor,Execute cloud user/final scripts,/usr/bin/cloud-init modules --mode=final,,,,,,,cloud-init.target,,,,,
cloud-init-hotplugd.service,service,/lib/systemd/system/cloud-init-hotplugd.service,vendor,cloud-init hotplug hook daemon,"/bin/bash -c 'read args <&3; echo ""args=$args""; \",,,,,,,,,,,,
cloud-init-hotplugd.socket,socket,/lib/systemd/system/cloud-init-hotplugd.socket,vendor,cloud-init hotplug hook socket,,,,,,,,cloud-init.target,,/run/cloud-init/hook-hotplug-cmd,,,
cloud-init-local.service,service,/lib/systemd/system/cloud-init-local.service,vendor,Initial cloud-init job (pre-networking),/usr/bin/cloud-init init --local | /bin/touch /run/cloud-init/network-config-ready,,,,,,,cloud-init.target,,,,,
cloud-init-local.service,service,/lib/systemd/system/cloud-init-local.service.d/50-azure-clear-persistent-obj-pkl.conf,vendor drop-in,,,,"-/bin/sh -xc 'if [ -e /var/lib/cloud/instance/obj.pkl ]; then echo ""cleaning persistent cloud-init object""; rm /var/lib/cloud/instance/obj.pkl; fi; exit 0'",,,,,,,,,,
cloud-init.service,service,/lib/systemd/system/cloud-init.service,vendor,Initial cloud-init job (metadata service crawler),/usr/bin/cloud-init init,,,,,,,cloud-init.target,,,,,
cloud-init.target,target,/lib/systemd/system/cloud-init.target,vendor,Cloud-init target,,,,,,,,,,,,,
console-getty.service,service,/lib/systemd/system/console-getty.service,vendor,Console Getty,"-/sbin/agetty -o '-p -- \\u' --noclear --keep-baud console 115200,38400,9600 $TERM","1084,1103",,,,,,getty.target,,,,always,
console-setup.service,service,/lib/systemd/system/console-setup.service,vendor,Set console font and keymap,/lib/console-setup/console-setup.sh,,,,,,,multi-user.target,,,,,
container-getty@.service,service,/lib/systemd/system/container-getty@.service,vendor,Container Getty on /dev/pts/%I,"-/sbin/agetty -o '-p -- \\u' --noclear --keep-baud pts/%I 115200,38400,9600 $TERM","1084,1103",,,,,,,,,,always,
cron.service,service,/lib/systemd/system/cron.service,vendor,Regular background program processing daemon,/usr/sbin/cron -f $EXTRA_OPTS,1029,,,,,-/etc/default/cron,multi-user.target,,,,,
cryptsetup-pre.target,target,/lib/systemd/system/cryptsetup-pre.target,vendor,Local Encrypted Volumes (Pre),,,,,,,,,,,,,
cryptsetup.target,target,/lib/systemd/system/cryptsetup.target,vendor,Local Encrypted Volumes,,,,,,,,,,,,,
dbus.service,service,/lib/systemd/system/dbus.service,vendor,D-Bus System Message Bus,/usr/bin/dbus-daemon --system --address=systemd: --nofork --nopidfile --systemd-activation --syslog-only,1014,,/bin/true,,,,,,,,,
dbus.socket,socket,/lib/systemd/system/dbus.socket,vendor,D-Bus System Message Bus Socket,,,,,,,,,,/var/run/dbus/system_bus_socket,,,
debug-shell.service,service,/lib/systemd/system/debug-shell.service,vendor,Early root shell on /dev/tty9 FOR DEBUGGING ONLY,/bin/bash,,,,,TERM=linux,,sysinit.target,,,,always,
dev-hugepages.mount,mount,/lib/systemd/system/dev-hugepages.mount,vendor,Huge Pages File System,,,,,,,,,,,,,
dev-mqueue.mount,mount,/lib/systemd/system/dev-mqueue.mount,vendor,POSIX Message Queue File System,,,,,,,,,,,,,
dm-event.service,service,/lib/systemd/system/dm-event.service,vendor,Device-mapper event daemon,/sbin/dmeventd -f,,,,,SD_ACTIVATION=1,,,,,,,
dm-event.socket,socket,/lib/systemd/system/dm-event.socket,vendor,Device-mapper event daemon FIFOs,,,,,,,,sockets.target,,/run/dmeventd-server | /run/dmeventd-client,,,
ebtables.service,service,/lib/systemd/system/ebtables.service,vendor,ebtables ruleset management,/etc/init.d/ebtables start,,,/etc/init.d/ebtables stop,,,,multi-user.target,,,,,
emergency.service,service,/lib/systemd/system/emergency.service,vendor,Emergency Shell,-/lib/systemd/systemd-sulogin-shell emergency,,-/bin/plymouth --wait quit,,,HOME=/root,,,,,,,
emergency.target,target,/lib/systemd/system/emergency.target,vendor,Emergency Mode,,,,,,,,,,,,,
ephemeral-disk-warning.service,service,/lib/systemd/system/ephemeral-disk-warning.service,vendor,Write warning to Azure ephemeral disk,/usr/sbin/ephemeral-disk-warning,,,,,,,multi-user.target,,,,,
exit.target,target,/lib/systemd/system/exit.target,vendor,Exit the container,,,,,,,,,,,,,
filebeat.service,service,/lib/systemd/system/filebeat.service,vendor,Filebeat sends log files to Logstash or directly to Elasticsearch.,/usr/share/filebeat/bin/filebeat --environment systemd $BEAT_LOG_OPTS $BEAT_CONFIG_OPTS $BEAT_PATH_OPTS,27359,,,,"""GODEBUG='madvdontneed=1'"" | ""BEAT_LOG_OPTS="" | ""BEAT_CONFIG_OPTS=-c /etc/filebeat/filebeat.yml"" | ""BEAT_PATH_OPTS=--path.home /usr/share/filebeat --path.config /etc/filebeat --path.data /var/lib/filebeat --path.logs /var/log/filebeat""",,multi-user.target,,,,always,
final.target,target,/lib/systemd/system/final.target,vendor,Final Step,,,,,,,,,,,,,
friendly-recovery.service,service,/lib/systemd/system/friendly-recovery.service,vendor,Recovery mode menu,-/lib/recovery-mode/recovery-menu,,-/bin/dmesg --console-off | -/bin/plymouth quit,,,HOME=/root,,,,,,,
friendly-recovery.target,target,/lib/systemd/system/friendly-recovery.target,vendor,Friendly Recovery Mode,,,,,,,,,,,,,
fstrim.service,service,/lib/systemd/system/fstrim.service,vendor,Discard unused blocks,/sbin/fstrim -av,,,,,,,,,,,,
fstrim.timer,timer,/lib/systemd/system/fstrim.timer,vendor,Discard unused blocks once a week,,,,,,,,timers.target,,,,,
getty-pre.target,target,/lib/systemd/system/getty-pre.target,vendor,Login Prompts (Pre),,,,,,,,,,,,,
getty-static.service,service,/lib/systemd/system/getty-static.service,vendor,getty on tty2-tty6 if dbus and logind are not available,/bin/systemctl --no-block start getty@tty2.service getty@tty3.service getty@tty4.service getty@tty5.service getty@tty6.service,,,,,,,,,,,,
getty.target,target,/lib/systemd/system/getty.target,vendor,Login Prompts,,,,,,,,,,,,,
getty@.service,service,/lib/systemd/system/getty@.service,vendor,Getty on %I,-/sbin/agetty -o '-p -- \\u' --noclear %I $TERM,"1084,1103",,,,,,getty.target,,,,always,
graphical.target,target,/lib/systemd/system/graphical.target,vendor,Graphical Interface,,,,,,,,,,,,,
halt.target,target,/lib/systemd/system/halt.target,vendor,Halt,,,,,,,,,,,,,
hibernate.target,target,/lib/systemd/system/hibernate.target,vendor,Hibernate,,,,,,,,,,,,,
hv-fcopy-daemon.service,service,/lib/systemd/system/hv-fcopy-daemon.service,vendor,Hyper-V File Copy Protocol Daemon,/usr/sbin/hv_fcopy_daemon -n,,,,,,,multi-user.target,,,,,
hv-kvp-daemon.service,service,/lib/systemd/system/hv-kvp-daemon.service,vendor,Hyper-V KVP Protocol Daemon,/usr/sbin/hv_kvp_daemon -n,7777,,,,,,multi-user.target,,,,,
hv-vss-daemon.service,service,/lib/systemd/system/hv-vss-daemon.service,vendor,Hyper-V VSS Protocol Daemon,/usr/sbin/hv_vss_daemon -n,,,,,,,multi-user.target,,,,,
hybrid-sleep.target,target,/lib/systemd/system/hybrid-sleep.target,vendor,Hybrid Suspend+Hibernate,,,,,,,,,,,,,
initrd-cleanup.service,service,/lib/systemd/system/initrd-cleanup.service,vendor,Cleaning Up and Shutting Down Daemons,/bin/systemctl --no-block isolate initrd-switch-root.target,,,,,,,,,,,,
initrd-fs.target,target,/lib/systemd/system/initrd-fs.target,vendor,Initrd File Systems,,,,,,,,,,,,,
initrd-parse-etc.service,service,/lib/systemd/system/initrd-parse-etc.service,vendor,Reload Configuration from the Real Root,-/bin/systemctl --no-block start initrd-fs.target | /bin/systemctl --no-block start initrd-cleanup.service,,-/bin/systemctl daemon-reload,,,,,,,,,,
initrd-root-device.target,target,/lib/systemd/system/initrd-root-device.target,vendor,Initrd Root Device,,,,,,,,,,,,,
initrd-root-fs.target,target,/lib/systemd/system/initrd-root-fs.target,vendor,Initrd Root File System,,,,,,,,,,,,,
initrd-switch-root.service,service,/lib/systemd/system/initrd-switch-root.service,vendor,Switch Root,/bin/systemctl --no-block switch-root /sysroot,,,,,,,,,,,,
initrd-switch-root.target,target,/lib/systemd/system/initrd-switch-root.target,vendor,Switch Root,,,,,,,,,,,,,
initrd-udevadm-cleanup-db.service,service,/lib/systemd/system/initrd-udevadm-cleanup-db.service,vendor,Cleanup udevd DB,-/bin/udevadm info --cleanup-db,,,,,,,,,,,,
initrd.target,target,/lib/systemd/system/initrd.target,vendor,Initrd Default Target,,,,,,,,,,,,,
intel-sgx-load-module.service,service,/lib/systemd/system/intel-sgx-load-module.service,vendor,Install SGX kernel module,/sbin/modprobe intel_sgx,,,/sbin/modprobe -r intel_sgx,,,,multi-user.target,,,,,
irqbalance.service,service,/lib/systemd/system/irqbalance.service,vendor,irqbalance daemon,/usr/sbin/irqbalance --foreground $IRQBALANCE_ARGS,,,,,,-/etc/default/irqbalance,multi-user.target,,,,no,
iscsid.service,service,/lib/systemd/system/iscsid.service,vendor,iSCSI initiator daemon (iscsid),/sbin/iscsid,,/lib/open-iscsi/startup-checks.sh,,,,,sysinit.target,,,,,
iscsid.socket,socket,/lib/systemd/system/iscsid.socket,vendor,Open-iSCSI iscsid Socket,,,,,,,,sockets.target,,@ISCSIADM_ABSTRACT_NAMESPACE,,,
kexec.target,target,/lib/systemd/system/kexec.target,vendor,Reboot via kexec,,,,,,,,,,,,,
keyboard-setup.service,service,/lib/systemd/system/keyboard-setup.service,vendor,Set the console keyboard layout,/lib/console-setup/keyboard-setup.sh,,,,,,,sysinit.target,,,,,
kmod-static-nodes.service,service,/lib/systemd/system/kmod-static-nodes.service,vendor,Create list of required static device nodes for the current kernel,/bin/kmod static-nodes --format=tmpfiles --output=/run/tmpfiles.d/kmod.conf,,,,,,,,,,,,
local-fs-pre.target,target,/lib/systemd/system/local-fs-pre.target,vendor,Local File Systems (Pre),,,,,,,,,,,,,
local-fs.target,target,/lib/systemd/system/local-fs.target,vendor,Local File Systems,,,,,,,,,,,,,
lvm2-lvmetad.service,service,/lib/systemd/system/lvm2-lvmetad.service,vendor,LVM2 metadata daemon,/sbin/lvmetad -f,447,,,,SD_ACTIVATION=1,,,,,,on-abort,
lvm2-lvmetad.socket,socket,/lib/systemd/system/lvm2-lvmetad.socket,vendor,LVM2 metadata daemon socket,,,,,,,,sysinit.target,,/run/lvm/lvmetad.socket,,,
lvm2-lvmpolld.service,service,/lib/systemd/system/lvm2-lvmpolld.service,vendor,LVM2 poll daemon,/sbin/lvmpolld -t 60 -f,,,,,SD_ACTIVATION=1,,,,,,,
lvm2-lvmpolld.socket,socket,/lib/systemd/system/lvm2-lvmpolld.socket,vendor,LVM2 poll daemon socket,,,,,,,,sysinit.target,,/run/lvm/lvmpolld.socket,,,
lvm2-monitor.service,service,/lib/systemd/system/lvm2-monitor.service,vendor,"Monitoring of LVM2 mirrors, snapshots etc. using dmeventd or progress polling",/sbin/lvm vgchange --monitor y --ignoreskippedcluster,,,/sbin/lvm vgchange --monitor n --ignoreskippedcluster,,LVM_SUPPRESS_LOCKING_FAILURE_MESSAGES=1,,sysinit.target,,,,,
lvm2-pvscan@.service,service,/lib/systemd/system/lvm2-pvscan@.service,vendor,LVM2 PV scan on device %i,/sbin/lvm pvscan --cache --activate ay %i,,,/sbin/lvm pvscan --cache %i,,,,,,,,,
lxcfs.service,service,/lib/systemd/system/lxcfs.service,vendor,FUSE filesystem for LXC,/usr/bin/lxcfs /var/lib/lxcfs/,1046,,,,,,multi-user.target,,,,on-failure,
lxd-containers.service,service,/lib/systemd/system/lxd-containers.service,vendor,LXD - container startup/shutdown,/usr/bin/lxd activateifneeded,,,/usr/lib/lxd/shutdown,,,,multi-user.target,,,,,
lxd.service,service,/lib/systemd/system/lxd.service,vendor,LXD - main daemon,/usr/bin/lxd --group lxd --logfile=/var/log/lxd/lxd.log,,/usr/lib/x86_64-linux-gnu/lxc/lxc-apparmor-load,,,,-/etc/environment,,,,,on-failure,
lxd.socket,socket,/lib/systemd/system/lxd.socket,vendor,LXD - unix socket,,,,,,,,sockets.target,,/var/lib/lxd/unix.socket,,,
machine.slice,slice,/lib/systemd/system/machine.slice,vendor,Virtual Machine and Container Slice,,,,,,,,,,,,,
mdadm-grow-continue@.service,service,/lib/systemd/system/mdadm-grow-continue@.service,vendor,Manage MD Reshape on /dev/%I,/sbin/mdadm --grow --continue /dev/%I,,,,,,,,,,,,
mdadm-last-resort@.service,service,/lib/systemd/system/mdadm-last-resort@.service,vendor,Activate md array %I even though degraded,/sbin/mdadm --run /dev/%i,,,,,,,,,,,,
mdadm-last-resort@.timer,timer,/lib/systemd/system/mdadm-last-resort@.timer,vendor,Timer to wait for more drives before activating degraded array %I.,,,,,,,,,,,,,
mdadm-shutdown.service,service,/lib/systemd/system/mdadm-shutdown.service,vendor,Prepare mdadm shutdown initramfs,/bin/true,,,"/bin/mount -o remount,exec,suid /run | /bin/mkdir -p /run/initramfs | /usr/bin/dracut --no-compress --no-kernel --quiet --force --force-add ""shutdown mdraid"" --omit ""caps"" /run/initramfs/shutdown.cpio | /bin/sh -c 'cd /run/initramfs; cpio -id --quiet < shutdown.cpio' | /bin/rm /run/initramfs/shutdown.cpio",,,,sysinit.target,,,,,
mdmon@.service,service,/lib/systemd/system/mdmon@.service,vendor,MD Metadata Monitor on /dev/%I,/sbin/mdmon --offroot --takeover %I,,,,,IMSM_NO_PLATFORM=1,,,,,,,
mdmonitor.service,service,/lib/systemd/system/mdmonitor.service,vendor,MD array monitor,/sbin/mdadm --monitor --scan,,,,,,,,,,,,
motd-news.service,service,/lib/systemd/system/motd-news.service,vendor,Message of the Day,/etc/update-motd.d/50-motd-news --force,,,,,,,,,,,,
motd-news.timer,timer,/lib/systemd/system/motd-news.timer,vendor,Message of the Day,,,,,,,,timers.target,,,,,
multi-user.target,target,/lib/systemd/system/multi-user.target,vendor,Multi-User System,,,,,,,,,,,,,
network-online.target,target,/lib/systemd/system/network-online.target,vendor,Network is Online,,,,,,,,,,,,,
network-pre.target,target,/lib/systemd/system/network-pre.target,vendor,Network (Pre),,,,,,,,,,,,,
network.target,target,/lib/systemd/system/network.target,vendor,Network,,,,,,,,,,,,,
networkd-dispatcher.service,service,/lib/systemd/system/networkd-dispatcher.service,vendor,Dispatcher daemon for systemd-networkd,/usr/bin/networkd-dispatcher $networkd_dispatcher_args,,,,,,-/etc/default/%p,multi-user.target,,,,,
nss-lookup.target,target,/lib/systemd/system/nss-lookup.target,vendor,Host and Network Name Lookups,,,,,,,,,,,,,
nss-user-lookup.target,target,/lib/systemd/system/nss-user-lookup.target,vendor,User and Group Name Lookups,,,,,,,,,,,,,
omid.service,service,/lib/systemd/system/omid.service,vendor,OMI CIM Server,/opt/omi/bin/omiserver -d,22096,/opt/omi/bin/support/installssllinks,/opt/omi/bin/omiserver -s,,"""OMI_HOME=/opt/omi""",,multi-user.target,,,,on-failure,
omsagent-00000000-0000-4000-8000-000000000001.service,service,/lib/systemd/system/omsagent-00000000-0000-4000-8000-000000000001.service,vendor,Operations Management Suite agent,/opt/microsoft/omsagent/bin/omsagent \,828,,/bin/rm -f /var/opt/microsoft/omsagent/00000000-0000-4000-8000-000000000001/run/omsagent.pid,omsagent,,/etc/opt/microsoft/omsagent/omsagent.env,multi-user.target,,,,,
ondemand.service,service,/lib/systemd/system/ondemand.service,vendor,Set the CPU Frequency Scaling governor,/lib/systemd/set-cpufreq,,,,,,,multi-user.target,,,,,
open-iscsi.service,service,/lib/systemd/system/open-iscsi.service,vendor,Login to default iSCSI targets,/sbin/iscsiadm -m node --loginall=automatic | /lib/open-iscsi/activate-storage.sh,,,/lib/open-iscsi/umountiscsi.sh | /bin/sync | /lib/open-iscsi/logout-all.sh,,,,sysinit.target,,,,,
open-vm-tools.service,service,/lib/systemd/system/open-vm-tools.service,vendor,Service for virtual machines hosted on VMware,/usr/bin/vmtoolsd,,,,,,,multi-user.target,,,,,
paths.target,target,/lib/systemd/system/paths.target,vendor,Paths,,,,,,,,,,,,,
plymouth-halt.service,service,/lib/systemd/system/plymouth-halt.service,vendor,Show Plymouth Halt Screen,/sbin/plymouthd --mode=shutdown --attach-to-session,,,,,,,,,,,,
plymouth-kexec.service,service,/lib/systemd/system/plymouth-kexec.service,vendor,Show Plymouth Reboot with kexec Screen,/sbin/plymouthd --mode=shutdown --attach-to-session,,,,,,,,,,,,
plymouth-poweroff.service,service,/lib/systemd/system/plymouth-poweroff.service,vendor,Show Plymouth Power Off Screen,/sbin/plymouthd --mode=shutdown --attach-to-session,,,,,,,,,,,,
plymouth-quit-wait.service,service,/lib/systemd/system/plymouth-quit-wait.service,vendor,Hold until boot process finishes up,-/bin/plymouth --wait,,,,,,,,,,,,
plymouth-quit.service,service,/lib/systemd/system/plymouth-quit.service,vendor,Terminate Plymouth Boot Screen,-/bin/plymouth quit,,,,,,,,,,,,
plymouth-read-write.service,service,/lib/systemd/system/plymouth-read-write.service,vendor,Tell Plymouth To Write Out Runtime Data,-/bin/plymouth update-root-fs --read-write,,,,,,,,,,,,
plymouth-reboot.service,service,/lib/systemd/system/plymouth-reboot.service,vendor,Show Plymouth Reboot Screen,/sbin/plymouthd --mode=shutdown --attach-to-session,,,,,,,,,,,,
plymouth-start.service,service,/lib/systemd/system/plymouth-start.service,vendor,Show Plymouth Boot Screen,/sbin/plymouthd --mode=boot --pid-file=/run/plymouth/pid --attach-to-session,,,,,,,,,,,,
plymouth-switch-root.service,service,/lib/systemd/system/plymouth-switch-root.service,vendor,Plymouth switch root service,-/bin/plymouth update-root-fs --new-root-dir=/sysroot,,,,,,,,,,,,
polkit.service,service,/lib/systemd/system/polkit.service,vendor,Authorization Manager,/usr/lib/policykit-1/polkitd --no-debug,1124,,,,,,,,,,,
pollinate.service,service,/lib/systemd/system/pollinate.service,vendor,Pollinate to seed the pseudo random number generator,/usr/bin/pollinate,,,,pollinate,,,multi-user.target,,,,,
poweroff.target,target,/lib/systemd/system/poweroff.target,vendor,Power-Off,,,,,,,,,,,,,
printer.target,target,/lib/systemd/system/printer.target,vendor,Printer,,,,,,,,,,,,,
proc-sys-fs-binfmt_misc.automount,automount,/lib/systemd/system/proc-sys-fs-binfmt_misc.automount,vendor,Arbitrary Executable File Formats File System Automount Point,,,,,,,,,,,,,
proc-sys-fs-binfmt_misc.mount,mount,/lib/systemd/system/proc-sys-fs-binfmt_misc.mount,vendor,Arbitrary Executable File Formats File System,,,,,,,,,,,,,
quotaon.service,service,/lib/systemd/system/quotaon.service,vendor,Enable File System Quotas,/sbin/quotaon -aug,,,,,,,,,,,,
rc-local.service,service,/lib/systemd/system/rc-local.service,vendor,/etc/rc.local Compatibility,/etc/rc.local start,,,,,,,,,,,,
rc-local.service,service,/lib/systemd/system/rc-local.service.d/debian.conf,vendor drop-in,,,,,,,,,,,,,,
reboot.target,target,/lib/systemd/system/reboot.target,vendor,Reboot,,,,,,,,,,,,,
remote-cryptsetup.target,target,/lib/systemd/system/remote-cryptsetup.target,vendor,Remote Encrypted Volumes,,,,,,,,multi-user.target,,,,,
remote-fs-pre.target,target,/lib/systemd/system/remote-fs-pre.target,vendor,Remote File Systems (Pre),,,,,,,,,,,,,
remote-fs.target,target,/lib/systemd/system/remote-fs.target,vendor,Remote File Systems,,,,,,,,multi-user.target,,,,,
rescue.service,service,/lib/systemd/system/rescue.service,vendor,Rescue Shell,-/lib/systemd/systemd-sulogin-shell rescue,,-/bin/plymouth --wait quit,,,HOME=/root,,,,,,,
rescue.target,target,/lib/systemd/system/rescue.target,vendor,Rescue Mode,,,,,,,,,,,,,
rpcbind.target,target,/lib/systemd/system/rpcbind.target,vendor,RPC Port Mapper,,,,,,,,,,,,,
rsync.service,service,/lib/systemd/system/rsync.service,vendor,fast remote file copy program daemon,/usr/bin/rsync --daemon --no-detach,,,,,,,multi-user.target,,,,,
rsyslog.service,service,/lib/systemd/system/rsyslog.service,vendor,System Logging Service,/usr/sbin/rsyslogd -n,31957,,,,,,multi-user.target,,,,on-failure,
serial-getty@.service,service,/lib/systemd/system/serial-getty@.service,vendor,Serial Getty on %I,"-/sbin/agetty -o '-p -- \\u' --keep-baud 115200,38400,9600 %I $TERM","1084,1103",,,,,,getty.target,,,,always,
setvtrgb.service,service,/lib/systemd/system/setvtrgb.service,vendor,Set console scheme,/sbin/setvtrgb /etc/vtrgb,,,,,,,sysinit.target,,,,,
shutdown.target,target,/lib/systemd/system/shutdown.target,vendor,Shutdown,,,,,,,,,,,,,
sigpwr.target,target,/lib/systemd/system/sigpwr.target,vendor,Power Failure,,,,,,,,,,,,,
sleep.target,target,/lib/systemd/system/sleep.target,vendor,Sleep,,,,,,,,,,,,,
slices.target,target,/lib/systemd/system/slices.target,vendor,Slices,,,,,,,,,,,,,
smartcard.target,target,/lib/systemd/system/smartcard.target,vendor,Smart Card,,,,,,,,,,,,,
snapd.apparmor.service,service,/lib/systemd/system/snapd.apparmor.service,vendor,Load AppArmor profiles managed internally by snapd,/usr/lib/snapd/snapd-apparmor start,,,,,,,multi-user.target,,,,,
snapd.autoimport.service,service,/lib/systemd/system/snapd.autoimport.service,vendor,Auto import assertions from block devices,/usr/bin/snap auto-import,,,,,,,multi-user.target,,,,,
snapd.core-fixup.service,service,/lib/systemd/system/snapd.core-fixup.service,vendor,Automatically repair incorrect owner/permissions on core devices,/usr/lib/snapd/snapd.core-fixup.sh,,,,,,,multi-user.target,,,,,
snapd.failure.service,service,/lib/systemd/system/snapd.failure.service,vendor,Failure handling of the snapd snap,/usr/lib/snapd/snap-failure snapd,,,,,,,,,,,,
snapd.recovery-chooser-trigger.service,service,/lib/systemd/system/snapd.recovery-chooser-trigger.service,vendor,Wait for the Ubuntu Core chooser trigger,/usr/lib/snapd/snap-bootstrap recovery-chooser-trigger,,,,,,,multi-user.target,,,,,
snapd.seeded.service,service,/lib/systemd/system/snapd.seeded.service,vendor,Wait until snapd is fully seeded,/usr/bin/snap wait system seed.loaded,,,,,,,multi-user.target cloud-final.service,,,,,
snapd.service,service,/lib/systemd/system/snapd.service,vendor,Snap Daemon,/usr/lib/snapd/snapd,,,,,,-/etc/environment,multi-user.target,,,,always,
snapd.snap-repair.service,service,/lib/systemd/system/snapd.snap-repair.service,vendor,Automatically fetch and run repair assertions,/usr/lib/snapd/snap-repair run,,,,,SNAP_REPAIR_FROM_TIMER=1,-/etc/environment,,,,,,
snapd.snap-repair.timer,timer,/lib/systemd/system/snapd.snap-repair.timer,vendor,Timer to automatically fetch and run repair assertions,,,,,,,,timers.target,,,,,
snapd.socket,socket,/lib/systemd/system/snapd.socket,vendor,Socket activation for snappy daemon,,,,,,,,sockets.target,,/run/snapd.socket | /run/snapd-snap.socket,,,
snapd.system-shutdown.service,service,/lib/systemd/system/snapd.system-shutdown.service,vendor,Ubuntu core (all-snaps) system shutdown helper setup service,"/bin/mount /run -o remount,exec | /bin/mkdir -p /run/initramfs | /bin/cp /usr/lib/snapd/system-shutdown /run/initramfs/shutdown",,,,,,,final.target,,,,,
sockets.target,target,/lib/systemd/system/sockets.target,vendor,Sockets,,,,,,,,,,,,,
sound.target,target,/lib/systemd/system/sound.target,vendor,Sound Card,,,,,,,,,,,,,
ssh.service,service,/lib/systemd/system/ssh.service,vendor,OpenBSD Secure Shell server,/usr/sbin/sshd -D $SSHD_OPTS,"1106,4092,4204",/usr/sbin/sshd -t,,,,-/etc/default/ssh,multi-user.target,,,,on-failure,
ssh.socket,socket,/lib/systemd/system/ssh.socket,vendor,OpenBSD Secure Shell server socket,,,,,,,,sockets.target,,22,,,
ssh@.service,service,/lib/systemd/system/ssh@.service,vendor,OpenBSD Secure Shell server per-connection daemon,-/usr/sbin/sshd -i $SSHD_OPTS,"1106,4092,4204",,,,,-/etc/default/ssh,,,,,,
suspend-then-hibernate.target,target,/lib/systemd/system/suspend-then-hibernate.target,vendor,Suspend; Idle into hibernate,,,,,,,,,,,,,
suspend.target,target,/lib/systemd/system/suspend.target,vendor,Suspend,,,,,,,,,,,,,
swap.target,target,/lib/systemd/system/swap.target,vendor,Swap,,,,,,,,,,,,,
sys-fs-fuse-connections.mount,mount,/lib/systemd/system/sys-fs-fuse-connections.mount,vendor,FUSE Control File System,,,,,,,,,,,,,
sys-kernel-config.mount,mount,/lib/systemd/system/sys-kernel-config.mount,vendor,Kernel Configuration File System,,,,,,,,,,,,,
sys-kernel-debug.mount,mount,/lib/systemd/system/sys-kernel-debug.mount,vendor,Kernel Debug File System,,,,,,,,,,,,,
sysinit.target,target,/lib/systemd/system/sysinit.target,vendor,System Initialization,,,,,,,,,,,,,
syslog.socket,socket,/lib/systemd/system/syslog.socket,vendor,Syslog Socket,,,,,,,,,,/run/systemd/journal/syslog,,,
system-update-cleanup.service,service,/lib/systemd/system/system-update-cleanup.service,vendor,Remove the Offline System Updates symlink,/bin/rm -fv /system-update | /bin/systemctl reboot,,,,,,,,,,,,
system-update.target,target,/lib/systemd/system/system-update.target,vendor,Offline System Update,,,,,,,,,,,,,
system.slice,slice,/lib/systemd/system/system.slice,vendor,System Slice,,,,,,,,,,,,,
systemd-ask-password-console.path,path,/lib/systemd/system/systemd-ask-password-console.path,vendor,Dispatch Password Requests to Console Directory Watch,,,,,,,,,,,/run/systemd/ask-password,,
systemd-ask-password-console.service,service,/lib/systemd/system/systemd-ask-password-console.service,vendor,Dispatch Password Requests to Console,/bin/systemd-tty-ask-password-agent --watch --console,,,,,,,,,,,,
systemd-ask-password-plymouth.path,path,/lib/systemd/system/systemd-ask-password-plymouth.path,vendor,Forward Password Requests to Plymouth Directory Watch,,,,,,,,,,,/run/systemd/ask-password,,
systemd-ask-password-plymouth.service,service,/lib/systemd/system/systemd-ask-password-plymouth.service,vendor,Forward Password Requests to Plymouth,/bin/systemd-tty-ask-password-agent --watch --plymouth,,,,,,,,,,,,
systemd-ask-password-wall.path,path,/lib/systemd/system/systemd-ask-password-wall.path,vendor,Forward Password Requests to Wall Directory Watch,,,,,,,,,,,/run/systemd/ask-password,,
systemd-ask-password-wall.service,service,/lib/systemd/system/systemd-ask-password-wall.service,vendor,Forward Password Requests to Wall,/bin/systemd-tty-ask-password-agent --wall,,-/bin/systemctl stop systemd-ask-password-console.path systemd-ask-password-console.service systemd-ask-password-plymouth.path systemd-ask-password-plymouth.service,,,,,,,,,,
systemd-backlight@.service,service,/lib/systemd/system/systemd-backlight@.service,vendor,Load/Save Screen Backlight Brightness of %i,/lib/systemd/systemd-backlight load %i,,,/lib/systemd/systemd-backlight save %i,,,,,,,,,
systemd-binfmt.service,service,/lib/systemd/system/systemd-binfmt.service,vendor,Set Up Additional Binary Formats,/lib/systemd/systemd-binfmt,,,,,,,,,,,,
systemd-exit.service,service,/lib/systemd/system/systemd-exit.service,vendor,Exit the Session,/bin/systemctl --force exit,,,,,,,,,,,,
systemd-fsck-root.service,service,/lib/systemd/system/systemd-fsck-root.service,vendor,File System Check on Root Device,/lib/systemd/systemd-fsck,,,,,,,,,,,,
systemd-fsck@.service,service,/lib/systemd/system/systemd-fsck@.service,vendor,File System Check on %f,/lib/systemd/systemd-fsck %f,,,,,,,,,,,,
systemd-fsckd.service,service,/lib/systemd/system/systemd-fsckd.service,vendor,File System Check Daemon to report status,/lib/systemd/systemd-fsckd,,,,,,,,,,,,
systemd-fsckd.socket,socket,/lib/systemd/system/systemd-fsckd.socket,vendor,fsck to fsckd communication Socket,,,,,,,,,,/run/systemd/fsck.progress,,,
systemd-halt.service,service,/lib/systemd/system/systemd-halt.service,vendor,Halt,/bin/systemctl --force halt,,,,,,,,,,,,
systemd-hibernate-resume@.service,service,/lib/systemd/system/systemd-hibernate-resume@.service,vendor,Resume from hibernation using device %f,/lib/systemd/systemd-hibernate-resume %f,,,,,,,,,,,,
systemd-hibernate.service,service,/lib/systemd/system/systemd-hibernate.service,vendor,Hibernate,/lib/systemd/systemd-sleep hibernate,,,,,,,,,,,,
systemd-hostnamed.service,service,/lib/systemd/system/systemd-hostnamed.service,vendor,Hostname Service,/lib/systemd/systemd-hostnamed,,,,,,,,,,,,
systemd-hwdb-update.service,service,/lib/systemd/system/systemd-hwdb-update.service,vendor,Rebuild Hardware Database,/bin/systemd-hwdb update,,,,,,,,,,,,
systemd-hybrid-sleep.service,service,/lib/systemd/system/systemd-hybrid-sleep.service,vendor,Hybrid Suspend+Hibernate,/lib/systemd/systemd-sleep hybrid-sleep,,,,,,,,,,,,
systemd-initctl.service,service,/lib/systemd/system/systemd-initctl.service,vendor,/dev/initctl Compatibility Daemon,/lib/systemd/systemd-initctl,,,,,,,,,,,,
systemd-initctl.socket,socket,/lib/systemd/system/systemd-initctl.socket,vendor,/dev/initctl Compatibility Named Pipe,,,,,,,,,,/run/systemd/initctl/fifo,,,
systemd-journal-flush.service,service,/lib/systemd/system/systemd-journal-flush.service,vendor,Flush Journal to Persistent Storage,/bin/journalctl --flush,,,,,,,,,,,,
systemd-journald-audit.socket,socket,/lib/systemd/system/systemd-journald-audit.socket,vendor,Journal Audit Socket,,,,,,,,,,,,,
systemd-journald-dev-log.socket,socket,/lib/systemd/system/systemd-journald-dev-log.socket,vendor,Journal Socket (/dev/log),,,,,,,,,,/run/systemd/journal/dev-log,,,
systemd-journald.service,service,/lib/systemd/system/systemd-journald.service,vendor,Journal Service,/lib/systemd/systemd-journald,27623,,,,,,,,,,always,
systemd-journald.socket,socket,/lib/systemd/system/systemd-journald.socket,vendor,Journal Socket,,,,,,,,,,/run/systemd/journal/stdout | /run/systemd/journal/socket,,,
systemd-kexec.service,service,/lib/systemd/system/systemd-kexec.service,vendor,Reboot via kexec,/bin/systemctl --force kexec,,,,,,,,,,,,
systemd-localed.service,service,/lib/systemd/system/systemd-localed.service,vendor,Locale Service,/lib/systemd/systemd-localed,,,,,,,,,,,,
systemd-logind.service,service,/lib/systemd/system/systemd-logind.service,vendor,Login Service,/lib/systemd/systemd-logind,7900,,,,,,,,,,always,
systemd-machine-id-commit.service,service,/lib/systemd/system/systemd-machine-id-commit.service,vendor,Commit a transient machine-id on disk,/bin/systemd-machine-id-setup --commit,,,,,,,,,,,,
systemd-modules-load.service,service,/lib/systemd/system/systemd-modules-load.service,vendor,Load Kernel Modules,/lib/systemd/systemd-modules-load,,,,,,,,,,,,
systemd-networkd-wait-online.service,service,/lib/systemd/system/systemd-networkd-wait-online.service,vendor,Wait for Network to be Configured,/lib/systemd/systemd-networkd-wait-online,,,,,,,network-online.target,,,,,
systemd-networkd.service,service,/lib/systemd/system/systemd-networkd.service,vendor,Network Service,!!/lib/systemd/systemd-networkd,859,,,systemd-network,,,multi-user.target,,,,on-failure,
systemd-networkd.socket,socket,/lib/systemd/system/systemd-networkd.socket,vendor,Network Service Netlink Socket,,,,,,,,sockets.target,,,,,
systemd-poweroff.service,service,/lib/systemd/system/systemd-poweroff.service,vendor,Power-Off,/bin/systemctl --force poweroff,,,,,,,,,,,,
systemd-quotacheck.service,service,/lib/systemd/system/systemd-quotacheck.service,vendor,File System Quota Check,/lib/systemd/systemd-quotacheck,,,,,,,,,,,,
systemd-random-seed.service,service,/lib/systemd/system/systemd-random-seed.service,vendor,Load/Save Random Seed,/lib/systemd/systemd-random-seed load,,,/lib/systemd/systemd-random-seed save,,,,,,,,,
systemd-reboot.service,service,/lib/systemd/system/systemd-reboot.service,vendor,Reboot,/bin/systemctl --force reboot,,,,,,,,,,,,
systemd-remount-fs.service,service,/lib/systemd/system/systemd-remount-fs.service,vendor,Remount Root and Kernel File Systems,/lib/systemd/systemd-remount-fs,,,,,,,,,,,,
systemd-resolved.service,service,/lib/systemd/system/systemd-resolved.service,vendor,Network Name Resolution,!!/lib/systemd/systemd-resolved,870,,,systemd-resolve,,,multi-user.target,,,,always,
systemd-rfkill.service,service,/lib/systemd/system/systemd-rfkill.service,vendor,Load/Save RF Kill Switch Status,/lib/systemd/systemd-rfkill,,,,,,,,,,,,
systemd-rfkill.socket,socket,/lib/systemd/system/systemd-rfkill.socket,vendor,Load/Save RF Kill Switch Status /dev/rfkill Watch,,,,,,,,,,,,,
systemd-suspend-then-hibernate.service,service,/lib/systemd/system/systemd-suspend-then-hibernate.service,vendor,Suspend; Idle into hibernate,/lib/systemd/systemd-sleep suspend-then-hibernate,,,,,,,,,,,,
systemd-suspend.service,service,/lib/systemd/system/systemd-suspend.service,vendor,Suspend,/lib/systemd/systemd-sleep suspend,,,,,,,,,,,,
systemd-sysctl.service,service,/lib/systemd/system/systemd-sysctl.service,vendor,Apply Kernel Variables,/lib/systemd/systemd-sysctl,,,,,,,,,,,,
systemd-timedated.service,service,/lib/systemd/system/systemd-timedated.service,vendor,Time & Date Service,/lib/systemd/systemd-timedated,,,,,,,,,,,,
systemd-timesyncd.service,service,/lib/systemd/system/systemd-timesyncd.service,vendor,Network Time Synchronization,!!/lib/systemd/systemd-timesyncd,702,,,systemd-timesync,,,sysinit.target,,,,always,
systemd-tmpfiles-clean.service,service,/lib/systemd/system/systemd-tmpfiles-clean.service,vendor,Cleanup of Temporary Directories,/bin/systemd-tmpfiles --clean,,,,,,,,,,,,
systemd-tmpfiles-clean.timer,timer,/lib/systemd/system/systemd-tmpfiles-clean.timer,vendor,Daily Cleanup of Temporary Directories,,,,,,,,,,,,,
systemd-tmpfiles-setup-dev.service,service,/lib/systemd/system/systemd-tmpfiles-setup-dev.service,vendor,Create Static Device Nodes in /dev,/bin/systemd-tmpfiles --prefix=/dev --create --boot,,,,,,,,,,,,
systemd-tmpfiles-setup.service,service,/lib/systemd/system/systemd-tmpfiles-setup.service,vendor,Create Volatile Files and Directories,/bin/systemd-tmpfiles --create --remove --boot --exclude-prefix=/dev,,,,,,,,,,,,
systemd-udev-settle.service,service,/lib/systemd/system/systemd-udev-settle.service,vendor,udev Wait for Complete Device Initialization,/bin/udevadm settle,,,,,,,,,,,,
systemd-udev-trigger.service,service,/lib/systemd/system/systemd-udev-trigger.service,vendor,udev Coldplug all Devices,/bin/udevadm trigger --type=subsystems --action=add ; /bin/udevadm trigger --type=devices --action=add,,,,,,,,,,,,
systemd-udevd-control.socket,socket,/lib/systemd/system/systemd-udevd-control.socket,vendor,udev Control Socket,,,,,,,,,,/run/udev/control,,,
systemd-udevd-kernel.socket,socket,/lib/systemd/system/systemd-udevd-kernel.socket,vendor,udev Kernel Socket,,,,,,,,,,,,,
systemd-udevd.service,service,/lib/systemd/system/systemd-udevd.service,vendor,udev Kernel Device Manager,/lib/systemd/systemd-udevd,457,,,,,,,,,,always,
systemd-update-utmp-runlevel.service,service,/lib/systemd/system/systemd-update-utmp-runlevel.service,vendor,Update UTMP about System Runlevel Changes,/lib/systemd/systemd-update-utmp runlevel,,,,,,,,,,,,
systemd-update-utmp.service,service,/lib/systemd/system/systemd-update-utmp.service,vendor,Update UTMP about System Boot/Shutdown,/lib/systemd/systemd-update-utmp reboot,,,/lib/systemd/systemd-update-utmp shutdown,,,,,,,,,
systemd-user-sessions.service,service,/lib/systemd/system/systemd-user-sessions.service,vendor,Permit User Sessions,/lib/systemd/systemd-user-sessions start,,,/lib/systemd/systemd-user-sessions stop,,,,,,,,,
systemd-volatile-root.service,service,/lib/systemd/system/systemd-volatile-root.service,vendor,Enforce Volatile Root File Systems,/lib/systemd/systemd-volatile-root yes /sysroot,,,,,,,,,,,,
time-sync.target,target,/lib/systemd/system/time-sync.target,vendor,System Time Synchronized,,,,,,,,,,,,,
timers.target,target,/lib/systemd/system/timers.target,vendor,Timers,,,,,,,,,,,,,
ua-messaging.service,service,/lib/systemd/system/ua-messaging.service,vendor,Ubuntu Advantage APT and MOTD Messages,/usr/bin/python3 /usr/lib/ubuntu-advantage/ua_update_messaging.py,27371,,,,,,,,,,,
ua-messaging.timer,timer,/lib/systemd/system/ua-messaging.timer,vendor,Ubuntu Advantage update messaging,,,,,,,,timers.target,,,,,
ua-reboot-cmds.service,service,/lib/systemd/system/ua-reboot-cmds.service,vendor,Ubuntu Advantage reboot cmds,/usr/bin/python3 /usr/lib/ubuntu-advantage/reboot_cmds.py,27371,,,,,,multi-user.target,,,,,
ufw.service,service,/lib/systemd/system/ufw.service,vendor,Uncomplicated firewall,/lib/ufw/ufw-init start quiet,,,/lib/ufw/ufw-init stop,,,,multi-user.target,,,,,
umount.target,target,/lib/systemd/system/umount.target,vendor,Unmount All Filesystems,,,,,,,,,,,,,
unattended-upgrades.service,service,/lib/systemd/system/unattended-upgrades.service,vendor,Unattended Upgrades Shutdown,/usr/share/unattended-upgrades/unattended-upgrade-shutdown --wait-for-signal,,,,,,,multi-user.target,,,,,
ureadahead-stop.service,service,/lib/systemd/system/ureadahead-stop.service,vendor,Stop ureadahead data collection,/bin/systemctl --no-block stop ureadahead,,,,,,,,,,,,
ureadahead-stop.timer,timer,/lib/systemd/system/ureadahead-stop.timer,vendor,Stop ureadahead data collection 45s after completed startup,,,,,,,,,,,,,
ureadahead.service,service,/lib/systemd/system/ureadahead.service,vendor,Read required files in advance,/sbin/ureadahead -q,,,,,,,default.target,,,,,
user.slice,slice,/lib/systemd/system/user.slice,vendor,User and Session Slice,,,,,,,,,,,,,
user@.service,service,/lib/systemd/system/user@.service,vendor,User Manager for UID %i,-/lib/systemd/systemd --user,"1,602,603",,,%i,,,,,,,,
user@.service,service,/lib/systemd/system/user@.service.d/timeout.conf,vendor drop-in,,,,,,,,,,,,,,
uuidd.service,service,/lib/systemd/system/uuidd.service,vendor,Daemon for generating UUIDs,/usr/sbin/uuidd --socket-activation,,,,uuidd,,,,,,,no,
uuidd.socket,socket,/lib/systemd/system/uuidd.socket,vendor,UUID daemon activation socket,,,,,,,,sockets.target,,/run/uuidd/request,,,
vgauth.service,service,/lib/systemd/system/vgauth.service,vendor,Authentication service for virtual machines hosted on VMware,/usr/bin/VGAuthService,,,,,,,,open-vm-tools.service,,,,
walinuxagent-network-setup.service,service,/lib/systemd/system/walinuxagent-network-setup.service,vendor,Setup network rules for WALinuxAgent,/usr/bin/python3 /var/lib/waagent/waagent-network-setup.py,27371,,,,,,network.target,,,,,
walinuxagent.service,service,/lib/systemd/system/walinuxagent.service,vendor,Azure Linux Agent,/usr/bin/python3 -u /usr/sbin/waagent -daemon,27371,,,,,,multi-user.target,,,,always,
walinuxagent.service,service,/lib/systemd/system/walinuxagent.service.d/10-Slice.conf,vendor drop-in,,,,,,,,,,,,,,
walinuxagent.service,service,/lib/systemd/system/walinuxagent.service.d/11-CPUAccounting.conf,vendor drop-in,,,,,,,,,,,,,,
walinuxagent.service,service,/lib/systemd/system/walinuxagent.service.d/12-CPUQuota.conf,vendor drop-in,,,,,,,,,,,,,,
